,model_name,training_method,balance,sampling_size,sort_by_time,partition_ratio,seed_size,unlabeled_size,test_size,val_score,accuracy,f1_micro,f1_macro,f1_weighted,precision_micro,precision_macro,precision_weighted,recall_micro,recall_macro,recall_weighted
1,Multinomial Naive Bayes,random_sampling,True,0,True,"[0.5, 0.25, 0.25]",207,102,108,0.578,0.583,0.583,0.579,0.579,0.583,0.612,0.612,0.583,0.583,0.583
2,Multinomial Naive Bayes,random_sampling,True,0,True,"[0.6, 0.2, 0.2]",249,81,87,0.4,0.632,0.632,0.626,0.626,0.632,0.633,0.633,0.632,0.632,0.632
3,Multinomial Naive Bayes,random_sampling,True,0,True,"[0.8, 0.1, 0.1]",333,39,45,0.612,0.6,0.6,0.573,0.573,0.6,0.609,0.609,0.6,0.6,0.6
4,Multinomial Naive Bayes,random_sampling,True,0,False,"[0.5, 0.25, 0.25]",207,102,108,0.522,0.62,0.62,0.593,0.593,0.62,0.624,0.624,0.62,0.62,0.62
5,Multinomial Naive Bayes,random_sampling,True,0,False,"[0.6, 0.2, 0.2]",249,81,87,0.48,0.621,0.621,0.591,0.591,0.621,0.631,0.631,0.621,0.621,0.621
6,Multinomial Naive Bayes,random_sampling,True,0,False,"[0.8, 0.1, 0.1]",333,39,45,0.638,0.511,0.511,0.476,0.476,0.511,0.486,0.486,0.511,0.511,0.511
7,Multinomial Naive Bayes,random_sampling,True,50,True,"[0.5, 0.25, 0.25]",207,102,108,0.525,0.63,0.63,0.626,0.626,0.63,0.644,0.644,0.63,0.63,0.63
8,Multinomial Naive Bayes,random_sampling,True,50,True,"[0.6, 0.2, 0.2]",249,81,87,0.517,0.621,0.621,0.616,0.616,0.621,0.619,0.619,0.621,0.621,0.621
9,Multinomial Naive Bayes,random_sampling,True,50,True,"[0.8, 0.1, 0.1]",333,39,45,0.482,0.6,0.6,0.595,0.595,0.6,0.627,0.627,0.6,0.6,0.6
10,Multinomial Naive Bayes,random_sampling,True,50,False,"[0.5, 0.25, 0.25]",207,102,108,0.593,0.62,0.62,0.592,0.592,0.62,0.607,0.607,0.62,0.62,0.62
11,Multinomial Naive Bayes,random_sampling,True,50,False,"[0.6, 0.2, 0.2]",249,81,87,0.55,0.632,0.632,0.614,0.614,0.632,0.651,0.651,0.632,0.632,0.632
12,Multinomial Naive Bayes,random_sampling,True,50,False,"[0.8, 0.1, 0.1]",333,39,45,0.534,0.467,0.467,0.444,0.444,0.467,0.439,0.439,0.467,0.467,0.467
13,Multinomial Naive Bayes,random_sampling,True,100,True,"[0.5, 0.25, 0.25]",207,102,108,0.549,0.648,0.648,0.646,0.646,0.648,0.649,0.649,0.648,0.648,0.648
14,Multinomial Naive Bayes,random_sampling,True,100,True,"[0.6, 0.2, 0.2]",249,81,87,0.514,0.655,0.655,0.653,0.653,0.655,0.658,0.658,0.655,0.655,0.655
15,Multinomial Naive Bayes,random_sampling,True,100,True,"[0.8, 0.1, 0.1]",333,39,45,0.667,0.578,0.578,0.572,0.572,0.578,0.597,0.597,0.578,0.578,0.578
16,Multinomial Naive Bayes,random_sampling,True,100,False,"[0.5, 0.25, 0.25]",207,102,108,0.613,0.62,0.62,0.598,0.598,0.62,0.617,0.617,0.62,0.62,0.62
17,Multinomial Naive Bayes,random_sampling,True,100,False,"[0.6, 0.2, 0.2]",249,81,87,0.514,0.609,0.609,0.594,0.594,0.609,0.609,0.609,0.609,0.609,0.609
18,Multinomial Naive Bayes,random_sampling,True,100,False,"[0.8, 0.1, 0.1]",333,39,45,0.62,0.467,0.467,0.456,0.456,0.467,0.451,0.451,0.467,0.467,0.467
19,Multinomial Naive Bayes,random_sampling,True,300,True,"[0.5, 0.25, 0.25]",207,102,108,0.704,0.648,0.648,0.634,0.634,0.648,0.641,0.641,0.648,0.648,0.648
20,Multinomial Naive Bayes,random_sampling,True,300,True,"[0.6, 0.2, 0.2]",249,81,87,0.645,0.621,0.621,0.613,0.613,0.621,0.613,0.613,0.621,0.621,0.621
21,Multinomial Naive Bayes,random_sampling,True,300,True,"[0.8, 0.1, 0.1]",333,39,45,0.684,0.533,0.533,0.506,0.506,0.533,0.524,0.524,0.533,0.533,0.533
22,Multinomial Naive Bayes,random_sampling,True,300,False,"[0.5, 0.25, 0.25]",207,102,108,0.665,0.593,0.593,0.55,0.55,0.593,0.58,0.58,0.593,0.593,0.593
23,Multinomial Naive Bayes,random_sampling,True,300,False,"[0.6, 0.2, 0.2]",249,81,87,0.618,0.609,0.609,0.584,0.584,0.609,0.605,0.605,0.609,0.609,0.609
24,Multinomial Naive Bayes,random_sampling,True,300,False,"[0.8, 0.1, 0.1]",333,39,45,0.702,0.444,0.444,0.428,0.428,0.444,0.422,0.422,0.444,0.444,0.444
25,Multinomial Naive Bayes,random_sampling,True,600,True,"[0.5, 0.25, 0.25]",207,102,108,0.814,0.63,0.63,0.621,0.621,0.63,0.62,0.62,0.63,0.63,0.63
26,Multinomial Naive Bayes,random_sampling,True,600,True,"[0.6, 0.2, 0.2]",249,81,87,0.835,0.575,0.575,0.569,0.569,0.575,0.569,0.569,0.575,0.575,0.575
27,Multinomial Naive Bayes,random_sampling,True,600,True,"[0.8, 0.1, 0.1]",333,39,45,0.856,0.578,0.578,0.55,0.55,0.578,0.585,0.585,0.578,0.578,0.578
28,Multinomial Naive Bayes,random_sampling,True,600,False,"[0.5, 0.25, 0.25]",207,102,108,0.833,0.62,0.62,0.596,0.596,0.62,0.611,0.611,0.62,0.62,0.62
29,Multinomial Naive Bayes,random_sampling,True,600,False,"[0.6, 0.2, 0.2]",249,81,87,0.841,0.609,0.609,0.59,0.59,0.609,0.598,0.598,0.609,0.609,0.609
30,Multinomial Naive Bayes,random_sampling,True,600,False,"[0.8, 0.1, 0.1]",333,39,45,0.84,0.444,0.444,0.436,0.436,0.444,0.431,0.431,0.444,0.444,0.444
31,Multinomial Naive Bayes,random_sampling,False,0,True,"[0.5, 0.25, 0.25]",3682,1840,1843,0.961,0.958,0.958,0.326,0.938,0.958,0.319,0.918,0.958,0.333,0.958
32,Multinomial Naive Bayes,random_sampling,False,0,True,"[0.6, 0.2, 0.2]",4418,1471,1476,0.955,0.959,0.959,0.346,0.939,0.959,0.653,0.941,0.959,0.343,0.959
33,Multinomial Naive Bayes,random_sampling,False,0,True,"[0.8, 0.1, 0.1]",5891,735,739,0.963,0.955,0.955,0.326,0.935,0.955,0.319,0.915,0.955,0.333,0.955
34,Multinomial Naive Bayes,random_sampling,False,0,False,"[0.5, 0.25, 0.25]",3682,1840,1843,0.961,0.959,0.959,0.342,0.939,0.959,0.653,0.941,0.959,0.341,0.959
35,Multinomial Naive Bayes,random_sampling,False,0,False,"[0.6, 0.2, 0.2]",4418,1471,1476,0.956,0.958,0.958,0.326,0.937,0.958,0.319,0.918,0.958,0.333,0.958
36,Multinomial Naive Bayes,random_sampling,False,0,False,"[0.8, 0.1, 0.1]",5891,735,739,0.963,0.957,0.957,0.361,0.938,0.957,0.486,0.928,0.957,0.352,0.957
37,Multinomial Naive Bayes,random_sampling,False,50,True,"[0.5, 0.25, 0.25]",3682,1840,1843,0.964,0.958,0.958,0.326,0.938,0.958,0.319,0.918,0.958,0.333,0.958
38,Multinomial Naive Bayes,random_sampling,False,50,True,"[0.6, 0.2, 0.2]",4418,1471,1476,0.962,0.958,0.958,0.326,0.937,0.958,0.319,0.918,0.958,0.333,0.958
39,Multinomial Naive Bayes,random_sampling,False,50,True,"[0.8, 0.1, 0.1]",5891,735,739,0.961,0.957,0.957,0.361,0.938,0.957,0.486,0.928,0.957,0.352,0.957
40,Multinomial Naive Bayes,random_sampling,False,50,False,"[0.5, 0.25, 0.25]",3682,1840,1843,0.964,0.958,0.958,0.326,0.938,0.958,0.319,0.918,0.958,0.333,0.958
41,Multinomial Naive Bayes,random_sampling,False,50,False,"[0.6, 0.2, 0.2]",4418,1471,1476,0.962,0.959,0.959,0.346,0.939,0.959,0.653,0.941,0.959,0.343,0.959
42,Multinomial Naive Bayes,random_sampling,False,50,False,"[0.8, 0.1, 0.1]",5891,735,739,0.961,0.957,0.957,0.361,0.938,0.957,0.486,0.928,0.957,0.352,0.957
43,Multinomial Naive Bayes,random_sampling,False,100,True,"[0.5, 0.25, 0.25]",3682,1840,1843,0.956,0.958,0.958,0.326,0.938,0.958,0.319,0.918,0.958,0.333,0.958
44,Multinomial Naive Bayes,random_sampling,False,100,True,"[0.6, 0.2, 0.2]",4418,1471,1476,0.957,0.958,0.958,0.326,0.937,0.958,0.319,0.918,0.958,0.333,0.958
45,Multinomial Naive Bayes,random_sampling,False,100,True,"[0.8, 0.1, 0.1]",5891,735,739,0.952,0.957,0.957,0.361,0.938,0.957,0.486,0.928,0.957,0.352,0.957
46,Multinomial Naive Bayes,random_sampling,False,100,False,"[0.5, 0.25, 0.25]",3682,1840,1843,0.956,0.959,0.959,0.342,0.939,0.959,0.653,0.941,0.959,0.341,0.959
47,Multinomial Naive Bayes,random_sampling,False,100,False,"[0.6, 0.2, 0.2]",4418,1471,1476,0.957,0.958,0.958,0.326,0.937,0.958,0.319,0.918,0.958,0.333,0.958
48,Multinomial Naive Bayes,random_sampling,False,100,False,"[0.8, 0.1, 0.1]",5891,735,739,0.951,0.957,0.957,0.361,0.938,0.957,0.486,0.928,0.957,0.352,0.957
49,Multinomial Naive Bayes,random_sampling,False,300,True,"[0.5, 0.25, 0.25]",3682,1840,1843,0.969,0.958,0.958,0.326,0.938,0.958,0.319,0.918,0.958,0.333,0.958
50,Multinomial Naive Bayes,random_sampling,False,300,True,"[0.6, 0.2, 0.2]",4418,1471,1476,0.961,0.958,0.958,0.326,0.937,0.958,0.319,0.918,0.958,0.333,0.958
51,Multinomial Naive Bayes,random_sampling,False,300,True,"[0.8, 0.1, 0.1]",5891,735,739,0.962,0.957,0.957,0.361,0.938,0.957,0.486,0.928,0.957,0.352,0.957
52,Multinomial Naive Bayes,random_sampling,False,300,False,"[0.5, 0.25, 0.25]",3682,1840,1843,0.969,0.959,0.959,0.342,0.939,0.959,0.486,0.93,0.959,0.341,0.959
53,Multinomial Naive Bayes,random_sampling,False,300,False,"[0.6, 0.2, 0.2]",4418,1471,1476,0.959,0.958,0.958,0.326,0.937,0.958,0.319,0.918,0.958,0.333,0.958
54,Multinomial Naive Bayes,random_sampling,False,300,False,"[0.8, 0.1, 0.1]",5891,735,739,0.963,0.957,0.957,0.361,0.938,0.957,0.486,0.928,0.957,0.352,0.957
55,Multinomial Naive Bayes,random_sampling,False,600,True,"[0.5, 0.25, 0.25]",3682,1840,1843,0.965,0.958,0.958,0.326,0.938,0.958,0.319,0.918,0.958,0.333,0.958
56,Multinomial Naive Bayes,random_sampling,False,600,True,"[0.6, 0.2, 0.2]",4418,1471,1476,0.955,0.958,0.958,0.326,0.937,0.958,0.319,0.918,0.958,0.333,0.958
57,Multinomial Naive Bayes,random_sampling,False,600,True,"[0.8, 0.1, 0.1]",5891,735,739,0.968,0.957,0.957,0.361,0.938,0.957,0.486,0.928,0.957,0.352,0.957
58,Multinomial Naive Bayes,random_sampling,False,600,False,"[0.5, 0.25, 0.25]",3682,1840,1843,0.965,0.958,0.958,0.326,0.938,0.958,0.319,0.918,0.958,0.333,0.958
59,Multinomial Naive Bayes,random_sampling,False,600,False,"[0.6, 0.2, 0.2]",4418,1471,1476,0.956,0.958,0.958,0.345,0.939,0.958,0.486,0.93,0.958,0.343,0.958
60,Multinomial Naive Bayes,random_sampling,False,600,False,"[0.8, 0.1, 0.1]",5891,735,739,0.968,0.957,0.957,0.361,0.938,0.957,0.486,0.928,0.957,0.352,0.957
61,Multinomial Naive Bayes,active_learning,True,0,True,"[0.5, 0.25, 0.25]",207,102,108,0.578,0.583,0.583,0.579,0.579,0.583,0.612,0.612,0.583,0.583,0.583
62,Multinomial Naive Bayes,active_learning,True,0,True,"[0.6, 0.2, 0.2]",249,81,87,0.4,0.632,0.632,0.626,0.626,0.632,0.633,0.633,0.632,0.632,0.632
63,Multinomial Naive Bayes,active_learning,True,0,True,"[0.8, 0.1, 0.1]",333,39,45,0.612,0.6,0.6,0.573,0.573,0.6,0.609,0.609,0.6,0.6,0.6
64,Multinomial Naive Bayes,active_learning,True,0,False,"[0.5, 0.25, 0.25]",207,102,108,0.522,0.62,0.62,0.593,0.593,0.62,0.624,0.624,0.62,0.62,0.62
65,Multinomial Naive Bayes,active_learning,True,0,False,"[0.6, 0.2, 0.2]",249,81,87,0.48,0.621,0.621,0.591,0.591,0.621,0.631,0.631,0.621,0.621,0.621
66,Multinomial Naive Bayes,active_learning,True,0,False,"[0.8, 0.1, 0.1]",333,39,45,0.638,0.511,0.511,0.476,0.476,0.511,0.486,0.486,0.511,0.511,0.511
67,Multinomial Naive Bayes,active_learning,True,50,True,"[0.5, 0.25, 0.25]",207,102,108,0.485,0.611,0.611,0.607,0.607,0.611,0.612,0.612,0.611,0.611,0.611
68,Multinomial Naive Bayes,active_learning,True,50,True,"[0.6, 0.2, 0.2]",249,81,87,0.483,0.621,0.621,0.617,0.617,0.621,0.617,0.617,0.621,0.621,0.621
69,Multinomial Naive Bayes,active_learning,True,50,True,"[0.8, 0.1, 0.1]",333,39,45,0.613,0.6,0.6,0.594,0.594,0.6,0.613,0.613,0.6,0.6,0.6
70,Multinomial Naive Bayes,active_learning,True,50,False,"[0.5, 0.25, 0.25]",207,102,108,0.52,0.62,0.62,0.592,0.592,0.62,0.607,0.607,0.62,0.62,0.62
71,Multinomial Naive Bayes,active_learning,True,50,False,"[0.6, 0.2, 0.2]",249,81,87,0.483,0.621,0.621,0.597,0.597,0.621,0.636,0.636,0.621,0.621,0.621
72,Multinomial Naive Bayes,active_learning,True,50,False,"[0.8, 0.1, 0.1]",333,39,45,0.56,0.511,0.511,0.488,0.488,0.511,0.49,0.49,0.511,0.511,0.511
73,Multinomial Naive Bayes,active_learning,True,100,True,"[0.5, 0.25, 0.25]",207,102,108,0.631,0.648,0.648,0.643,0.643,0.648,0.644,0.644,0.648,0.648,0.648
74,Multinomial Naive Bayes,active_learning,True,100,True,"[0.6, 0.2, 0.2]",249,81,87,0.59,0.632,0.632,0.618,0.618,0.632,0.624,0.624,0.632,0.632,0.632
75,Multinomial Naive Bayes,active_learning,True,100,True,"[0.8, 0.1, 0.1]",333,39,45,0.613,0.6,0.6,0.594,0.594,0.6,0.613,0.613,0.6,0.6,0.6
76,Multinomial Naive Bayes,active_learning,True,100,False,"[0.5, 0.25, 0.25]",207,102,108,0.515,0.62,0.62,0.609,0.609,0.62,0.621,0.621,0.62,0.62,0.62
77,Multinomial Naive Bayes,active_learning,True,100,False,"[0.6, 0.2, 0.2]",249,81,87,0.621,0.667,0.667,0.658,0.658,0.667,0.671,0.671,0.667,0.667,0.667
78,Multinomial Naive Bayes,active_learning,True,100,False,"[0.8, 0.1, 0.1]",333,39,45,0.56,0.511,0.511,0.488,0.488,0.511,0.49,0.49,0.511,0.511,0.511
79,Multinomial Naive Bayes,active_learning,True,300,True,"[0.5, 0.25, 0.25]",207,102,108,0.596,0.657,0.657,0.652,0.652,0.657,0.652,0.652,0.657,0.657,0.657
80,Multinomial Naive Bayes,active_learning,True,300,True,"[0.6, 0.2, 0.2]",249,81,87,0.59,0.632,0.632,0.618,0.618,0.632,0.624,0.624,0.632,0.632,0.632
81,Multinomial Naive Bayes,active_learning,True,300,True,"[0.8, 0.1, 0.1]",333,39,45,0.613,0.6,0.6,0.594,0.594,0.6,0.613,0.613,0.6,0.6,0.6
82,Multinomial Naive Bayes,active_learning,True,300,False,"[0.5, 0.25, 0.25]",207,102,108,0.662,0.676,0.676,0.666,0.666,0.676,0.687,0.687,0.676,0.676,0.676
83,Multinomial Naive Bayes,active_learning,True,300,False,"[0.6, 0.2, 0.2]",249,81,87,0.621,0.667,0.667,0.658,0.658,0.667,0.671,0.671,0.667,0.667,0.667
84,Multinomial Naive Bayes,active_learning,True,300,False,"[0.8, 0.1, 0.1]",333,39,45,0.56,0.511,0.511,0.488,0.488,0.511,0.49,0.49,0.511,0.511,0.511
85,Multinomial Naive Bayes,active_learning,True,600,True,"[0.5, 0.25, 0.25]",207,102,108,0.596,0.657,0.657,0.652,0.652,0.657,0.652,0.652,0.657,0.657,0.657
86,Multinomial Naive Bayes,active_learning,True,600,True,"[0.6, 0.2, 0.2]",249,81,87,0.59,0.632,0.632,0.618,0.618,0.632,0.624,0.624,0.632,0.632,0.632
87,Multinomial Naive Bayes,active_learning,True,600,True,"[0.8, 0.1, 0.1]",333,39,45,0.613,0.6,0.6,0.594,0.594,0.6,0.613,0.613,0.6,0.6,0.6
88,Multinomial Naive Bayes,active_learning,True,600,False,"[0.5, 0.25, 0.25]",207,102,108,0.662,0.676,0.676,0.666,0.666,0.676,0.687,0.687,0.676,0.676,0.676
89,Multinomial Naive Bayes,active_learning,True,600,False,"[0.6, 0.2, 0.2]",249,81,87,0.621,0.667,0.667,0.658,0.658,0.667,0.671,0.671,0.667,0.667,0.667
90,Multinomial Naive Bayes,active_learning,True,600,False,"[0.8, 0.1, 0.1]",333,39,45,0.56,0.511,0.511,0.488,0.488,0.511,0.49,0.49,0.511,0.511,0.511
91,Multinomial Naive Bayes,active_learning,False,0,True,"[0.5, 0.25, 0.25]",3682,1840,1843,0.961,0.958,0.958,0.326,0.938,0.958,0.319,0.918,0.958,0.333,0.958
92,Multinomial Naive Bayes,active_learning,False,0,True,"[0.6, 0.2, 0.2]",4418,1471,1476,0.955,0.959,0.959,0.346,0.939,0.959,0.653,0.941,0.959,0.343,0.959
93,Multinomial Naive Bayes,active_learning,False,0,True,"[0.8, 0.1, 0.1]",5891,735,739,0.963,0.955,0.955,0.326,0.935,0.955,0.319,0.915,0.955,0.333,0.955
94,Multinomial Naive Bayes,active_learning,False,0,False,"[0.5, 0.25, 0.25]",3682,1840,1843,0.961,0.959,0.959,0.342,0.939,0.959,0.653,0.941,0.959,0.341,0.959
95,Multinomial Naive Bayes,active_learning,False,0,False,"[0.6, 0.2, 0.2]",4418,1471,1476,0.956,0.958,0.958,0.326,0.937,0.958,0.319,0.918,0.958,0.333,0.958
96,Multinomial Naive Bayes,active_learning,False,0,False,"[0.8, 0.1, 0.1]",5891,735,739,0.963,0.957,0.957,0.361,0.938,0.957,0.486,0.928,0.957,0.352,0.957
97,Multinomial Naive Bayes,active_learning,False,50,True,"[0.5, 0.25, 0.25]",3682,1840,1843,0.961,0.958,0.958,0.326,0.938,0.958,0.319,0.918,0.958,0.333,0.958
98,Multinomial Naive Bayes,active_learning,False,50,True,"[0.6, 0.2, 0.2]",4418,1471,1476,0.962,0.958,0.958,0.326,0.937,0.958,0.319,0.918,0.958,0.333,0.958
99,Multinomial Naive Bayes,active_learning,False,50,True,"[0.8, 0.1, 0.1]",5891,735,739,0.959,0.957,0.957,0.361,0.938,0.957,0.486,0.928,0.957,0.352,0.957
100,Multinomial Naive Bayes,active_learning,False,50,False,"[0.5, 0.25, 0.25]",3682,1840,1843,0.964,0.958,0.958,0.326,0.938,0.958,0.319,0.918,0.958,0.333,0.958
101,Multinomial Naive Bayes,active_learning,False,50,False,"[0.6, 0.2, 0.2]",4418,1471,1476,0.962,0.958,0.958,0.326,0.937,0.958,0.319,0.918,0.958,0.333,0.958
102,Multinomial Naive Bayes,active_learning,False,50,False,"[0.8, 0.1, 0.1]",5891,735,739,0.96,0.957,0.957,0.361,0.938,0.957,0.486,0.928,0.957,0.352,0.957
103,Multinomial Naive Bayes,active_learning,False,100,True,"[0.5, 0.25, 0.25]",3682,1840,1843,0.955,0.958,0.958,0.326,0.938,0.958,0.319,0.918,0.958,0.333,0.958
104,Multinomial Naive Bayes,active_learning,False,100,True,"[0.6, 0.2, 0.2]",4418,1471,1476,0.955,0.958,0.958,0.326,0.937,0.958,0.319,0.918,0.958,0.333,0.958
105,Multinomial Naive Bayes,active_learning,False,100,True,"[0.8, 0.1, 0.1]",5891,735,739,0.948,0.957,0.957,0.361,0.938,0.957,0.486,0.928,0.957,0.352,0.957
106,Multinomial Naive Bayes,active_learning,False,100,False,"[0.5, 0.25, 0.25]",3682,1840,1843,0.956,0.958,0.958,0.326,0.938,0.958,0.319,0.918,0.958,0.333,0.958
107,Multinomial Naive Bayes,active_learning,False,100,False,"[0.6, 0.2, 0.2]",4418,1471,1476,0.957,0.958,0.958,0.326,0.937,0.958,0.319,0.918,0.958,0.333,0.958
108,Multinomial Naive Bayes,active_learning,False,100,False,"[0.8, 0.1, 0.1]",5891,735,739,0.949,0.957,0.957,0.361,0.938,0.957,0.486,0.928,0.957,0.352,0.957
109,Multinomial Naive Bayes,active_learning,False,300,True,"[0.5, 0.25, 0.25]",3682,1840,1843,0.962,0.958,0.958,0.326,0.938,0.958,0.319,0.918,0.958,0.333,0.958
110,Multinomial Naive Bayes,active_learning,False,300,True,"[0.6, 0.2, 0.2]",4418,1471,1476,0.959,0.958,0.958,0.326,0.937,0.958,0.319,0.918,0.958,0.333,0.958
111,Multinomial Naive Bayes,active_learning,False,300,True,"[0.8, 0.1, 0.1]",5891,735,739,0.961,0.957,0.957,0.361,0.938,0.957,0.486,0.928,0.957,0.352,0.957
112,Multinomial Naive Bayes,active_learning,False,300,False,"[0.5, 0.25, 0.25]",3682,1840,1843,0.964,0.958,0.958,0.326,0.938,0.958,0.319,0.918,0.958,0.333,0.958
113,Multinomial Naive Bayes,active_learning,False,300,False,"[0.6, 0.2, 0.2]",4418,1471,1476,0.957,0.958,0.958,0.326,0.937,0.958,0.319,0.918,0.958,0.333,0.958
114,Multinomial Naive Bayes,active_learning,False,300,False,"[0.8, 0.1, 0.1]",5891,735,739,0.96,0.957,0.957,0.361,0.938,0.957,0.486,0.928,0.957,0.352,0.957
115,Multinomial Naive Bayes,active_learning,False,600,True,"[0.5, 0.25, 0.25]",3682,1840,1843,0.967,0.958,0.958,0.326,0.938,0.958,0.32,0.919,0.958,0.333,0.958
116,Multinomial Naive Bayes,active_learning,False,600,True,"[0.6, 0.2, 0.2]",4418,1471,1476,0.954,0.958,0.958,0.326,0.937,0.958,0.319,0.918,0.958,0.333,0.958
117,Multinomial Naive Bayes,active_learning,False,600,True,"[0.8, 0.1, 0.1]",5891,735,739,0.966,0.957,0.957,0.361,0.938,0.957,0.486,0.928,0.957,0.352,0.957
118,Multinomial Naive Bayes,active_learning,False,600,False,"[0.5, 0.25, 0.25]",3682,1840,1843,0.967,0.958,0.958,0.326,0.938,0.958,0.32,0.919,0.958,0.333,0.958
119,Multinomial Naive Bayes,active_learning,False,600,False,"[0.6, 0.2, 0.2]",4418,1471,1476,0.951,0.957,0.957,0.326,0.937,0.957,0.319,0.918,0.957,0.333,0.957
120,Multinomial Naive Bayes,active_learning,False,600,False,"[0.8, 0.1, 0.1]",5891,735,739,0.966,0.957,0.957,0.361,0.938,0.957,0.486,0.928,0.957,0.352,0.957
121,Random Forest Classifier,random_sampling,True,0,True,"[0.5, 0.25, 0.25]",207,102,108,0.572,0.546,0.546,0.536,0.536,0.546,0.536,0.536,0.546,0.546,0.546
122,Random Forest Classifier,random_sampling,True,0,True,"[0.6, 0.2, 0.2]",249,81,87,0.46,0.563,0.563,0.555,0.555,0.563,0.552,0.552,0.563,0.563,0.563
123,Random Forest Classifier,random_sampling,True,0,True,"[0.8, 0.1, 0.1]",333,39,45,0.626,0.6,0.6,0.571,0.571,0.6,0.625,0.625,0.6,0.6,0.6
124,Random Forest Classifier,random_sampling,True,0,False,"[0.5, 0.25, 0.25]",207,102,108,0.358,0.556,0.556,0.526,0.526,0.556,0.516,0.516,0.556,0.556,0.556
125,Random Forest Classifier,random_sampling,True,0,False,"[0.6, 0.2, 0.2]",249,81,87,0.52,0.54,0.54,0.505,0.505,0.54,0.502,0.502,0.54,0.54,0.54
126,Random Forest Classifier,random_sampling,True,0,False,"[0.8, 0.1, 0.1]",333,39,45,0.609,0.467,0.467,0.428,0.428,0.467,0.415,0.415,0.467,0.467,0.467
127,Random Forest Classifier,random_sampling,True,50,True,"[0.5, 0.25, 0.25]",207,102,108,0.484,0.528,0.528,0.511,0.511,0.528,0.502,0.502,0.528,0.528,0.528
128,Random Forest Classifier,random_sampling,True,50,True,"[0.6, 0.2, 0.2]",249,81,87,0.533,0.563,0.563,0.516,0.516,0.563,0.511,0.511,0.563,0.563,0.563
129,Random Forest Classifier,random_sampling,True,50,True,"[0.8, 0.1, 0.1]",333,39,45,0.623,0.622,0.622,0.592,0.592,0.622,0.635,0.635,0.622,0.622,0.622
130,Random Forest Classifier,random_sampling,True,50,False,"[0.5, 0.25, 0.25]",207,102,108,0.575,0.565,0.565,0.547,0.547,0.565,0.544,0.544,0.565,0.565,0.565
131,Random Forest Classifier,random_sampling,True,50,False,"[0.6, 0.2, 0.2]",249,81,87,0.533,0.598,0.598,0.567,0.567,0.598,0.586,0.586,0.598,0.598,0.598
132,Random Forest Classifier,random_sampling,True,50,False,"[0.8, 0.1, 0.1]",333,39,45,0.508,0.533,0.533,0.511,0.511,0.533,0.505,0.505,0.533,0.533,0.533
133,Random Forest Classifier,random_sampling,True,100,True,"[0.5, 0.25, 0.25]",207,102,108,0.515,0.611,0.611,0.586,0.586,0.611,0.591,0.591,0.611,0.611,0.611
134,Random Forest Classifier,random_sampling,True,100,True,"[0.6, 0.2, 0.2]",249,81,87,0.543,0.586,0.586,0.574,0.574,0.586,0.582,0.582,0.586,0.586,0.586
135,Random Forest Classifier,random_sampling,True,100,True,"[0.8, 0.1, 0.1]",333,39,45,0.676,0.689,0.689,0.677,0.677,0.689,0.741,0.741,0.689,0.689,0.689
136,Random Forest Classifier,random_sampling,True,100,False,"[0.5, 0.25, 0.25]",207,102,108,0.647,0.574,0.574,0.562,0.562,0.574,0.562,0.562,0.574,0.574,0.574
137,Random Forest Classifier,random_sampling,True,100,False,"[0.6, 0.2, 0.2]",249,81,87,0.514,0.563,0.563,0.527,0.527,0.563,0.541,0.541,0.563,0.563,0.563
138,Random Forest Classifier,random_sampling,True,100,False,"[0.8, 0.1, 0.1]",333,39,45,0.575,0.578,0.578,0.563,0.563,0.578,0.559,0.559,0.578,0.578,0.578
139,Random Forest Classifier,random_sampling,True,300,True,"[0.5, 0.25, 0.25]",207,102,108,0.677,0.602,0.602,0.573,0.573,0.602,0.578,0.578,0.602,0.602,0.602
140,Random Forest Classifier,random_sampling,True,300,True,"[0.6, 0.2, 0.2]",249,81,87,0.573,0.598,0.598,0.575,0.575,0.598,0.574,0.574,0.598,0.598,0.598
141,Random Forest Classifier,random_sampling,True,300,True,"[0.8, 0.1, 0.1]",333,39,45,0.685,0.578,0.578,0.551,0.551,0.578,0.576,0.576,0.578,0.578,0.578
142,Random Forest Classifier,random_sampling,True,300,False,"[0.5, 0.25, 0.25]",207,102,108,0.658,0.537,0.537,0.497,0.497,0.537,0.496,0.496,0.537,0.537,0.537
143,Random Forest Classifier,random_sampling,True,300,False,"[0.6, 0.2, 0.2]",249,81,87,0.645,0.632,0.632,0.607,0.607,0.632,0.658,0.658,0.632,0.632,0.632
144,Random Forest Classifier,random_sampling,True,300,False,"[0.8, 0.1, 0.1]",333,39,45,0.677,0.422,0.422,0.406,0.406,0.422,0.396,0.396,0.422,0.422,0.422
145,Random Forest Classifier,random_sampling,True,600,True,"[0.5, 0.25, 0.25]",207,102,108,0.802,0.62,0.62,0.605,0.605,0.62,0.606,0.606,0.62,0.62,0.62
146,Random Forest Classifier,random_sampling,True,600,True,"[0.6, 0.2, 0.2]",249,81,87,0.853,0.575,0.575,0.541,0.541,0.575,0.545,0.545,0.575,0.575,0.575
147,Random Forest Classifier,random_sampling,True,600,True,"[0.8, 0.1, 0.1]",333,39,45,0.807,0.644,0.644,0.641,0.641,0.644,0.699,0.699,0.644,0.644,0.644
148,Random Forest Classifier,random_sampling,True,600,False,"[0.5, 0.25, 0.25]",207,102,108,0.815,0.565,0.565,0.543,0.543,0.565,0.552,0.552,0.565,0.565,0.565
149,Random Forest Classifier,random_sampling,True,600,False,"[0.6, 0.2, 0.2]",249,81,87,0.818,0.586,0.586,0.577,0.577,0.586,0.579,0.579,0.586,0.586,0.586
150,Random Forest Classifier,random_sampling,True,600,False,"[0.8, 0.1, 0.1]",333,39,45,0.818,0.489,0.489,0.471,0.471,0.489,0.461,0.461,0.489,0.489,0.489
151,Random Forest Classifier,random_sampling,False,0,True,"[0.5, 0.25, 0.25]",3682,1840,1843,0.961,0.959,0.959,0.342,0.939,0.959,0.653,0.941,0.959,0.341,0.959
152,Random Forest Classifier,random_sampling,False,0,True,"[0.6, 0.2, 0.2]",4418,1471,1476,0.958,0.959,0.959,0.346,0.939,0.959,0.653,0.941,0.959,0.343,0.959
153,Random Forest Classifier,random_sampling,False,0,True,"[0.8, 0.1, 0.1]",5891,735,739,0.963,0.957,0.957,0.326,0.936,0.957,0.319,0.915,0.957,0.333,0.957
154,Random Forest Classifier,random_sampling,False,0,False,"[0.5, 0.25, 0.25]",3682,1840,1843,0.961,0.959,0.959,0.342,0.939,0.959,0.653,0.941,0.959,0.341,0.959
155,Random Forest Classifier,random_sampling,False,0,False,"[0.6, 0.2, 0.2]",4418,1471,1476,0.958,0.958,0.958,0.326,0.937,0.958,0.319,0.918,0.958,0.333,0.958
156,Random Forest Classifier,random_sampling,False,0,False,"[0.8, 0.1, 0.1]",5891,735,739,0.963,0.958,0.958,0.363,0.939,0.958,0.653,0.94,0.958,0.353,0.958
157,Random Forest Classifier,random_sampling,False,50,True,"[0.5, 0.25, 0.25]",3682,1840,1843,0.967,0.958,0.958,0.326,0.938,0.958,0.319,0.918,0.958,0.333,0.958
158,Random Forest Classifier,random_sampling,False,50,True,"[0.6, 0.2, 0.2]",4418,1471,1476,0.962,0.959,0.959,0.346,0.939,0.959,0.653,0.941,0.959,0.343,0.959
159,Random Forest Classifier,random_sampling,False,50,True,"[0.8, 0.1, 0.1]",5891,735,739,0.962,0.957,0.957,0.326,0.936,0.957,0.319,0.915,0.957,0.333,0.957
160,Random Forest Classifier,random_sampling,False,50,False,"[0.5, 0.25, 0.25]",3682,1840,1843,0.967,0.958,0.958,0.326,0.938,0.958,0.319,0.918,0.958,0.333,0.958
161,Random Forest Classifier,random_sampling,False,50,False,"[0.6, 0.2, 0.2]",4418,1471,1476,0.962,0.958,0.958,0.326,0.937,0.958,0.319,0.918,0.958,0.333,0.958
162,Random Forest Classifier,random_sampling,False,50,False,"[0.8, 0.1, 0.1]",5891,735,739,0.962,0.957,0.957,0.326,0.936,0.957,0.319,0.915,0.957,0.333,0.957
163,Random Forest Classifier,random_sampling,False,100,True,"[0.5, 0.25, 0.25]",3682,1840,1843,0.956,0.958,0.958,0.326,0.938,0.958,0.319,0.918,0.958,0.333,0.958
164,Random Forest Classifier,random_sampling,False,100,True,"[0.6, 0.2, 0.2]",4418,1471,1476,0.96,0.958,0.958,0.326,0.937,0.958,0.319,0.918,0.958,0.333,0.958
165,Random Forest Classifier,random_sampling,False,100,True,"[0.8, 0.1, 0.1]",5891,735,739,0.952,0.957,0.957,0.326,0.936,0.957,0.319,0.915,0.957,0.333,0.957
166,Random Forest Classifier,random_sampling,False,100,False,"[0.5, 0.25, 0.25]",3682,1840,1843,0.956,0.959,0.959,0.342,0.939,0.959,0.653,0.941,0.959,0.341,0.959
167,Random Forest Classifier,random_sampling,False,100,False,"[0.6, 0.2, 0.2]",4418,1471,1476,0.96,0.959,0.959,0.346,0.939,0.959,0.653,0.941,0.959,0.343,0.959
168,Random Forest Classifier,random_sampling,False,100,False,"[0.8, 0.1, 0.1]",5891,735,739,0.952,0.957,0.957,0.326,0.936,0.957,0.319,0.915,0.957,0.333,0.957
169,Random Forest Classifier,random_sampling,False,300,True,"[0.5, 0.25, 0.25]",3682,1840,1843,0.969,0.958,0.958,0.326,0.938,0.958,0.319,0.918,0.958,0.333,0.958
170,Random Forest Classifier,random_sampling,False,300,True,"[0.6, 0.2, 0.2]",4418,1471,1476,0.959,0.958,0.958,0.326,0.937,0.958,0.319,0.918,0.958,0.333,0.958
171,Random Forest Classifier,random_sampling,False,300,True,"[0.8, 0.1, 0.1]",5891,735,739,0.964,0.957,0.957,0.326,0.936,0.957,0.319,0.915,0.957,0.333,0.957
172,Random Forest Classifier,random_sampling,False,300,False,"[0.5, 0.25, 0.25]",3682,1840,1843,0.969,0.958,0.958,0.326,0.938,0.958,0.319,0.918,0.958,0.333,0.958
173,Random Forest Classifier,random_sampling,False,300,False,"[0.6, 0.2, 0.2]",4418,1471,1476,0.959,0.958,0.958,0.326,0.937,0.958,0.319,0.918,0.958,0.333,0.958
174,Random Forest Classifier,random_sampling,False,300,False,"[0.8, 0.1, 0.1]",5891,735,739,0.964,0.958,0.958,0.363,0.939,0.958,0.653,0.94,0.958,0.353,0.958
175,Random Forest Classifier,random_sampling,False,600,True,"[0.5, 0.25, 0.25]",3682,1840,1843,0.965,0.959,0.959,0.342,0.939,0.959,0.653,0.941,0.959,0.341,0.959
176,Random Forest Classifier,random_sampling,False,600,True,"[0.6, 0.2, 0.2]",4418,1471,1476,0.956,0.959,0.959,0.346,0.939,0.959,0.653,0.941,0.959,0.343,0.959
177,Random Forest Classifier,random_sampling,False,600,True,"[0.8, 0.1, 0.1]",5891,735,739,0.968,0.958,0.958,0.363,0.939,0.958,0.653,0.94,0.958,0.353,0.958
178,Random Forest Classifier,random_sampling,False,600,False,"[0.5, 0.25, 0.25]",3682,1840,1843,0.965,0.959,0.959,0.342,0.939,0.959,0.653,0.941,0.959,0.341,0.959
179,Random Forest Classifier,random_sampling,False,600,False,"[0.6, 0.2, 0.2]",4418,1471,1476,0.957,0.959,0.959,0.346,0.939,0.959,0.653,0.941,0.959,0.343,0.959
180,Random Forest Classifier,random_sampling,False,600,False,"[0.8, 0.1, 0.1]",5891,735,739,0.968,0.958,0.958,0.363,0.939,0.958,0.653,0.94,0.958,0.353,0.958
181,Random Forest Classifier,active_learning,True,0,True,"[0.5, 0.25, 0.25]",207,102,108,0.572,0.546,0.546,0.536,0.536,0.546,0.536,0.536,0.546,0.546,0.546
182,Random Forest Classifier,active_learning,True,0,True,"[0.6, 0.2, 0.2]",249,81,87,0.46,0.563,0.563,0.555,0.555,0.563,0.552,0.552,0.563,0.563,0.563
183,Random Forest Classifier,active_learning,True,0,True,"[0.8, 0.1, 0.1]",333,39,45,0.626,0.6,0.6,0.571,0.571,0.6,0.625,0.625,0.6,0.6,0.6
184,Random Forest Classifier,active_learning,True,0,False,"[0.5, 0.25, 0.25]",207,102,108,0.358,0.556,0.556,0.526,0.526,0.556,0.516,0.516,0.556,0.556,0.556
185,Random Forest Classifier,active_learning,True,0,False,"[0.6, 0.2, 0.2]",249,81,87,0.52,0.54,0.54,0.505,0.505,0.54,0.502,0.502,0.54,0.54,0.54
186,Random Forest Classifier,active_learning,True,0,False,"[0.8, 0.1, 0.1]",333,39,45,0.609,0.467,0.467,0.428,0.428,0.467,0.415,0.415,0.467,0.467,0.467
187,Random Forest Classifier,active_learning,True,50,True,"[0.5, 0.25, 0.25]",207,102,108,0.482,0.574,0.574,0.571,0.571,0.574,0.568,0.568,0.574,0.574,0.574
188,Random Forest Classifier,active_learning,True,50,True,"[0.6, 0.2, 0.2]",249,81,87,0.433,0.529,0.529,0.501,0.501,0.529,0.504,0.504,0.529,0.529,0.529
189,Random Forest Classifier,active_learning,True,50,True,"[0.8, 0.1, 0.1]",333,39,45,0.627,0.644,0.644,0.621,0.621,0.644,0.671,0.671,0.644,0.644,0.644
190,Random Forest Classifier,active_learning,True,50,False,"[0.5, 0.25, 0.25]",207,102,108,0.444,0.565,0.565,0.558,0.558,0.565,0.556,0.556,0.565,0.565,0.565
191,Random Forest Classifier,active_learning,True,50,False,"[0.6, 0.2, 0.2]",249,81,87,0.45,0.621,0.621,0.603,0.603,0.621,0.605,0.605,0.621,0.621,0.621
192,Random Forest Classifier,active_learning,True,50,False,"[0.8, 0.1, 0.1]",333,39,45,0.48,0.489,0.489,0.46,0.46,0.489,0.459,0.459,0.489,0.489,0.489
193,Random Forest Classifier,active_learning,True,100,True,"[0.5, 0.25, 0.25]",207,102,108,0.515,0.593,0.593,0.563,0.563,0.593,0.56,0.56,0.593,0.593,0.593
194,Random Forest Classifier,active_learning,True,100,True,"[0.6, 0.2, 0.2]",249,81,87,0.575,0.586,0.586,0.567,0.567,0.586,0.567,0.567,0.586,0.586,0.586
195,Random Forest Classifier,active_learning,True,100,True,"[0.8, 0.1, 0.1]",333,39,45,0.627,0.644,0.644,0.621,0.621,0.644,0.671,0.671,0.644,0.644,0.644
196,Random Forest Classifier,active_learning,True,100,False,"[0.5, 0.25, 0.25]",207,102,108,0.528,0.574,0.574,0.556,0.556,0.574,0.556,0.556,0.574,0.574,0.574
197,Random Forest Classifier,active_learning,True,100,False,"[0.6, 0.2, 0.2]",249,81,87,0.516,0.575,0.575,0.529,0.529,0.575,0.556,0.556,0.575,0.575,0.575
198,Random Forest Classifier,active_learning,True,100,False,"[0.8, 0.1, 0.1]",333,39,45,0.48,0.489,0.489,0.46,0.46,0.489,0.459,0.459,0.489,0.489,0.489
199,Random Forest Classifier,active_learning,True,300,True,"[0.5, 0.25, 0.25]",207,102,108,0.518,0.537,0.537,0.511,0.511,0.537,0.507,0.507,0.537,0.537,0.537
200,Random Forest Classifier,active_learning,True,300,True,"[0.6, 0.2, 0.2]",249,81,87,0.575,0.586,0.586,0.567,0.567,0.586,0.567,0.567,0.586,0.586,0.586
201,Random Forest Classifier,active_learning,True,300,True,"[0.8, 0.1, 0.1]",333,39,45,0.627,0.644,0.644,0.621,0.621,0.644,0.671,0.671,0.644,0.644,0.644
202,Random Forest Classifier,active_learning,True,300,False,"[0.5, 0.25, 0.25]",207,102,108,0.549,0.602,0.602,0.577,0.577,0.602,0.587,0.587,0.602,0.602,0.602
203,Random Forest Classifier,active_learning,True,300,False,"[0.6, 0.2, 0.2]",249,81,87,0.516,0.575,0.575,0.529,0.529,0.575,0.556,0.556,0.575,0.575,0.575
204,Random Forest Classifier,active_learning,True,300,False,"[0.8, 0.1, 0.1]",333,39,45,0.48,0.489,0.489,0.46,0.46,0.489,0.459,0.459,0.489,0.489,0.489
205,Random Forest Classifier,active_learning,True,600,True,"[0.5, 0.25, 0.25]",207,102,108,0.518,0.537,0.537,0.511,0.511,0.537,0.507,0.507,0.537,0.537,0.537
206,Random Forest Classifier,active_learning,True,600,True,"[0.6, 0.2, 0.2]",249,81,87,0.575,0.586,0.586,0.567,0.567,0.586,0.567,0.567,0.586,0.586,0.586
207,Random Forest Classifier,active_learning,True,600,True,"[0.8, 0.1, 0.1]",333,39,45,0.627,0.644,0.644,0.621,0.621,0.644,0.671,0.671,0.644,0.644,0.644
208,Random Forest Classifier,active_learning,True,600,False,"[0.5, 0.25, 0.25]",207,102,108,0.549,0.602,0.602,0.577,0.577,0.602,0.587,0.587,0.602,0.602,0.602
209,Random Forest Classifier,active_learning,True,600,False,"[0.6, 0.2, 0.2]",249,81,87,0.516,0.575,0.575,0.529,0.529,0.575,0.556,0.556,0.575,0.575,0.575
210,Random Forest Classifier,active_learning,True,600,False,"[0.8, 0.1, 0.1]",333,39,45,0.48,0.489,0.489,0.46,0.46,0.489,0.459,0.459,0.489,0.489,0.489
211,Random Forest Classifier,active_learning,False,0,True,"[0.5, 0.25, 0.25]",3682,1840,1843,0.961,0.959,0.959,0.342,0.939,0.959,0.653,0.941,0.959,0.341,0.959
212,Random Forest Classifier,active_learning,False,0,True,"[0.6, 0.2, 0.2]",4418,1471,1476,0.958,0.959,0.959,0.346,0.939,0.959,0.653,0.941,0.959,0.343,0.959
213,Random Forest Classifier,active_learning,False,0,True,"[0.8, 0.1, 0.1]",5891,735,739,0.963,0.957,0.957,0.326,0.936,0.957,0.319,0.915,0.957,0.333,0.957
214,Random Forest Classifier,active_learning,False,0,False,"[0.5, 0.25, 0.25]",3682,1840,1843,0.961,0.959,0.959,0.342,0.939,0.959,0.653,0.941,0.959,0.341,0.959
215,Random Forest Classifier,active_learning,False,0,False,"[0.6, 0.2, 0.2]",4418,1471,1476,0.958,0.958,0.958,0.326,0.937,0.958,0.319,0.918,0.958,0.333,0.958
216,Random Forest Classifier,active_learning,False,0,False,"[0.8, 0.1, 0.1]",5891,735,739,0.963,0.958,0.958,0.363,0.939,0.958,0.653,0.94,0.958,0.353,0.958
217,Random Forest Classifier,active_learning,False,50,True,"[0.5, 0.25, 0.25]",3682,1840,1843,0.963,0.959,0.959,0.342,0.939,0.959,0.653,0.941,0.959,0.341,0.959
218,Random Forest Classifier,active_learning,False,50,True,"[0.6, 0.2, 0.2]",4418,1471,1476,0.962,0.959,0.959,0.346,0.939,0.959,0.653,0.941,0.959,0.343,0.959
219,Random Forest Classifier,active_learning,False,50,True,"[0.8, 0.1, 0.1]",5891,735,739,0.957,0.957,0.957,0.326,0.936,0.957,0.319,0.915,0.957,0.333,0.957
220,Random Forest Classifier,active_learning,False,50,False,"[0.5, 0.25, 0.25]",3682,1840,1843,0.964,0.959,0.959,0.342,0.939,0.959,0.653,0.941,0.959,0.341,0.959
221,Random Forest Classifier,active_learning,False,50,False,"[0.6, 0.2, 0.2]",4418,1471,1476,0.962,0.959,0.959,0.346,0.939,0.959,0.653,0.941,0.959,0.343,0.959
222,Random Forest Classifier,active_learning,False,50,False,"[0.8, 0.1, 0.1]",5891,735,739,0.959,0.957,0.957,0.326,0.936,0.957,0.319,0.915,0.957,0.333,0.957
223,Random Forest Classifier,active_learning,False,100,True,"[0.5, 0.25, 0.25]",3682,1840,1843,0.955,0.959,0.959,0.342,0.939,0.959,0.653,0.941,0.959,0.341,0.959
224,Random Forest Classifier,active_learning,False,100,True,"[0.6, 0.2, 0.2]",4418,1471,1476,0.954,0.959,0.959,0.346,0.939,0.959,0.653,0.941,0.959,0.343,0.959
225,Random Forest Classifier,active_learning,False,100,True,"[0.8, 0.1, 0.1]",5891,735,739,0.947,0.957,0.957,0.326,0.936,0.957,0.319,0.915,0.957,0.333,0.957
226,Random Forest Classifier,active_learning,False,100,False,"[0.5, 0.25, 0.25]",3682,1840,1843,0.954,0.959,0.959,0.342,0.939,0.959,0.653,0.941,0.959,0.341,0.959
227,Random Forest Classifier,active_learning,False,100,False,"[0.6, 0.2, 0.2]",4418,1471,1476,0.959,0.959,0.959,0.346,0.939,0.959,0.653,0.941,0.959,0.343,0.959
228,Random Forest Classifier,active_learning,False,100,False,"[0.8, 0.1, 0.1]",5891,735,739,0.952,0.958,0.958,0.363,0.939,0.958,0.653,0.94,0.958,0.353,0.958
229,Random Forest Classifier,active_learning,False,300,True,"[0.5, 0.25, 0.25]",3682,1840,1843,0.959,0.959,0.959,0.342,0.939,0.959,0.653,0.941,0.959,0.341,0.959
230,Random Forest Classifier,active_learning,False,300,True,"[0.6, 0.2, 0.2]",4418,1471,1476,0.953,0.958,0.958,0.326,0.937,0.958,0.319,0.918,0.958,0.333,0.958
231,Random Forest Classifier,active_learning,False,300,True,"[0.8, 0.1, 0.1]",5891,735,739,0.962,0.957,0.957,0.326,0.936,0.957,0.319,0.915,0.957,0.333,0.957
232,Random Forest Classifier,active_learning,False,300,False,"[0.5, 0.25, 0.25]",3682,1840,1843,0.961,0.959,0.959,0.342,0.939,0.959,0.653,0.941,0.959,0.341,0.959
233,Random Forest Classifier,active_learning,False,300,False,"[0.6, 0.2, 0.2]",4418,1471,1476,0.958,0.958,0.958,0.326,0.937,0.958,0.319,0.918,0.958,0.333,0.958
234,Random Forest Classifier,active_learning,False,300,False,"[0.8, 0.1, 0.1]",5891,735,739,0.962,0.958,0.958,0.363,0.939,0.958,0.653,0.94,0.958,0.353,0.958
235,Random Forest Classifier,active_learning,False,600,True,"[0.5, 0.25, 0.25]",3682,1840,1843,0.966,0.958,0.958,0.326,0.938,0.958,0.319,0.918,0.958,0.333,0.958
236,Random Forest Classifier,active_learning,False,600,True,"[0.6, 0.2, 0.2]",4418,1471,1476,0.954,0.958,0.958,0.326,0.937,0.958,0.319,0.918,0.958,0.333,0.958
237,Random Forest Classifier,active_learning,False,600,True,"[0.8, 0.1, 0.1]",5891,735,739,0.969,0.957,0.957,0.326,0.936,0.957,0.319,0.915,0.957,0.333,0.957
238,Random Forest Classifier,active_learning,False,600,False,"[0.5, 0.25, 0.25]",3682,1840,1843,0.971,0.959,0.959,0.342,0.939,0.959,0.653,0.941,0.959,0.341,0.959
239,Random Forest Classifier,active_learning,False,600,False,"[0.6, 0.2, 0.2]",4418,1471,1476,0.956,0.958,0.958,0.326,0.937,0.958,0.319,0.918,0.958,0.333,0.958
240,Random Forest Classifier,active_learning,False,600,False,"[0.8, 0.1, 0.1]",5891,735,739,0.969,0.957,0.957,0.326,0.936,0.957,0.319,0.915,0.957,0.333,0.957
241,Logistic Regression (Ridge),random_sampling,True,0,True,"[0.5, 0.25, 0.25]",207,102,108,0.647,0.537,0.537,0.534,0.534,0.537,0.568,0.568,0.537,0.537,0.537
242,Logistic Regression (Ridge),random_sampling,True,0,True,"[0.6, 0.2, 0.2]",249,81,87,0.42,0.575,0.575,0.574,0.574,0.575,0.584,0.584,0.575,0.575,0.575
243,Logistic Regression (Ridge),random_sampling,True,0,True,"[0.8, 0.1, 0.1]",333,39,45,0.597,0.622,0.622,0.617,0.617,0.622,0.637,0.637,0.622,0.622,0.622
244,Logistic Regression (Ridge),random_sampling,True,0,False,"[0.5, 0.25, 0.25]",207,102,108,0.544,0.546,0.546,0.539,0.539,0.546,0.535,0.535,0.546,0.546,0.546
245,Logistic Regression (Ridge),random_sampling,True,0,False,"[0.6, 0.2, 0.2]",249,81,87,0.48,0.54,0.54,0.517,0.517,0.54,0.511,0.511,0.54,0.54,0.54
246,Logistic Regression (Ridge),random_sampling,True,0,False,"[0.8, 0.1, 0.1]",333,39,45,0.637,0.511,0.511,0.487,0.487,0.511,0.492,0.492,0.511,0.511,0.511
247,Logistic Regression (Ridge),random_sampling,True,50,True,"[0.5, 0.25, 0.25]",207,102,108,0.465,0.556,0.556,0.554,0.554,0.556,0.557,0.557,0.556,0.556,0.556
248,Logistic Regression (Ridge),random_sampling,True,50,True,"[0.6, 0.2, 0.2]",249,81,87,0.583,0.563,0.563,0.554,0.554,0.563,0.553,0.553,0.563,0.563,0.563
249,Logistic Regression (Ridge),random_sampling,True,50,True,"[0.8, 0.1, 0.1]",333,39,45,0.598,0.556,0.556,0.555,0.555,0.556,0.563,0.563,0.556,0.556,0.556
250,Logistic Regression (Ridge),random_sampling,True,50,False,"[0.5, 0.25, 0.25]",207,102,108,0.518,0.602,0.602,0.594,0.594,0.602,0.592,0.592,0.602,0.602,0.602
251,Logistic Regression (Ridge),random_sampling,True,50,False,"[0.6, 0.2, 0.2]",249,81,87,0.5,0.575,0.575,0.56,0.56,0.575,0.567,0.567,0.575,0.575,0.575
252,Logistic Regression (Ridge),random_sampling,True,50,False,"[0.8, 0.1, 0.1]",333,39,45,0.561,0.556,0.556,0.548,0.548,0.556,0.545,0.545,0.556,0.556,0.556
253,Logistic Regression (Ridge),random_sampling,True,100,True,"[0.5, 0.25, 0.25]",207,102,108,0.547,0.593,0.593,0.585,0.585,0.593,0.596,0.596,0.593,0.593,0.593
254,Logistic Regression (Ridge),random_sampling,True,100,True,"[0.6, 0.2, 0.2]",249,81,87,0.529,0.586,0.586,0.589,0.589,0.586,0.593,0.593,0.586,0.586,0.586
255,Logistic Regression (Ridge),random_sampling,True,100,True,"[0.8, 0.1, 0.1]",333,39,45,0.633,0.622,0.622,0.62,0.62,0.622,0.634,0.634,0.622,0.622,0.622
256,Logistic Regression (Ridge),random_sampling,True,100,False,"[0.5, 0.25, 0.25]",207,102,108,0.599,0.583,0.583,0.582,0.582,0.583,0.582,0.582,0.583,0.583,0.583
257,Logistic Regression (Ridge),random_sampling,True,100,False,"[0.6, 0.2, 0.2]",249,81,87,0.557,0.552,0.552,0.54,0.54,0.552,0.536,0.536,0.552,0.552,0.552
258,Logistic Regression (Ridge),random_sampling,True,100,False,"[0.8, 0.1, 0.1]",333,39,45,0.597,0.556,0.556,0.543,0.543,0.556,0.536,0.536,0.556,0.556,0.556
259,Logistic Regression (Ridge),random_sampling,True,300,True,"[0.5, 0.25, 0.25]",207,102,108,0.656,0.602,0.602,0.591,0.591,0.602,0.592,0.592,0.602,0.602,0.602
260,Logistic Regression (Ridge),random_sampling,True,300,True,"[0.6, 0.2, 0.2]",249,81,87,0.6,0.632,0.632,0.622,0.622,0.632,0.626,0.626,0.632,0.632,0.632
261,Logistic Regression (Ridge),random_sampling,True,300,True,"[0.8, 0.1, 0.1]",333,39,45,0.693,0.533,0.533,0.522,0.522,0.533,0.538,0.538,0.533,0.533,0.533
262,Logistic Regression (Ridge),random_sampling,True,300,False,"[0.5, 0.25, 0.25]",207,102,108,0.628,0.602,0.602,0.586,0.586,0.602,0.587,0.587,0.602,0.602,0.602
263,Logistic Regression (Ridge),random_sampling,True,300,False,"[0.6, 0.2, 0.2]",249,81,87,0.609,0.575,0.575,0.559,0.559,0.575,0.557,0.557,0.575,0.575,0.575
264,Logistic Regression (Ridge),random_sampling,True,300,False,"[0.8, 0.1, 0.1]",333,39,45,0.694,0.578,0.578,0.566,0.566,0.578,0.563,0.563,0.578,0.578,0.578
265,Logistic Regression (Ridge),random_sampling,True,600,True,"[0.5, 0.25, 0.25]",207,102,108,0.802,0.583,0.583,0.58,0.58,0.583,0.588,0.588,0.583,0.583,0.583
266,Logistic Regression (Ridge),random_sampling,True,600,True,"[0.6, 0.2, 0.2]",249,81,87,0.818,0.575,0.575,0.572,0.572,0.575,0.572,0.572,0.575,0.575,0.575
267,Logistic Regression (Ridge),random_sampling,True,600,True,"[0.8, 0.1, 0.1]",333,39,45,0.818,0.622,0.622,0.622,0.622,0.622,0.638,0.638,0.622,0.622,0.622
268,Logistic Regression (Ridge),random_sampling,True,600,False,"[0.5, 0.25, 0.25]",207,102,108,0.815,0.639,0.639,0.63,0.63,0.639,0.63,0.63,0.639,0.639,0.639
269,Logistic Regression (Ridge),random_sampling,True,600,False,"[0.6, 0.2, 0.2]",249,81,87,0.841,0.586,0.586,0.574,0.574,0.586,0.577,0.577,0.586,0.586,0.586
270,Logistic Regression (Ridge),random_sampling,True,600,False,"[0.8, 0.1, 0.1]",333,39,45,0.829,0.444,0.444,0.424,0.424,0.444,0.413,0.413,0.444,0.444,0.444
271,Logistic Regression (Ridge),random_sampling,False,0,True,"[0.5, 0.25, 0.25]",3682,1840,1843,0.961,0.959,0.959,0.357,0.94,0.959,0.653,0.942,0.959,0.349,0.959
272,Logistic Regression (Ridge),random_sampling,False,0,True,"[0.6, 0.2, 0.2]",4418,1471,1476,0.957,0.959,0.959,0.346,0.94,0.959,0.653,0.942,0.959,0.343,0.959
273,Logistic Regression (Ridge),random_sampling,False,0,True,"[0.8, 0.1, 0.1]",5891,735,739,0.964,0.959,0.959,0.397,0.942,0.959,0.653,0.941,0.959,0.373,0.959
274,Logistic Regression (Ridge),random_sampling,False,0,False,"[0.5, 0.25, 0.25]",3682,1840,1843,0.961,0.959,0.959,0.372,0.941,0.959,0.653,0.942,0.959,0.357,0.959
275,Logistic Regression (Ridge),random_sampling,False,0,False,"[0.6, 0.2, 0.2]",4418,1471,1476,0.958,0.959,0.959,0.346,0.939,0.959,0.653,0.941,0.959,0.343,0.959
276,Logistic Regression (Ridge),random_sampling,False,0,False,"[0.8, 0.1, 0.1]",5891,735,739,0.962,0.959,0.959,0.397,0.942,0.959,0.653,0.941,0.959,0.373,0.959
277,Logistic Regression (Ridge),random_sampling,False,50,True,"[0.5, 0.25, 0.25]",3682,1840,1843,0.965,0.96,0.96,0.372,0.942,0.96,0.653,0.942,0.96,0.358,0.96
278,Logistic Regression (Ridge),random_sampling,False,50,True,"[0.6, 0.2, 0.2]",4418,1471,1476,0.962,0.96,0.96,0.382,0.942,0.96,0.654,0.943,0.96,0.364,0.96
279,Logistic Regression (Ridge),random_sampling,False,50,True,"[0.8, 0.1, 0.1]",5891,735,739,0.962,0.958,0.958,0.363,0.939,0.958,0.653,0.94,0.958,0.353,0.958
280,Logistic Regression (Ridge),random_sampling,False,50,False,"[0.5, 0.25, 0.25]",3682,1840,1843,0.964,0.96,0.96,0.372,0.942,0.96,0.653,0.942,0.96,0.358,0.96
281,Logistic Regression (Ridge),random_sampling,False,50,False,"[0.6, 0.2, 0.2]",4418,1471,1476,0.962,0.959,0.959,0.365,0.941,0.959,0.653,0.941,0.959,0.354,0.959
282,Logistic Regression (Ridge),random_sampling,False,50,False,"[0.8, 0.1, 0.1]",5891,735,739,0.96,0.958,0.958,0.363,0.939,0.958,0.653,0.94,0.958,0.353,0.958
283,Logistic Regression (Ridge),random_sampling,False,100,True,"[0.5, 0.25, 0.25]",3682,1840,1843,0.955,0.961,0.961,0.399,0.944,0.961,0.654,0.943,0.961,0.374,0.961
284,Logistic Regression (Ridge),random_sampling,False,100,True,"[0.6, 0.2, 0.2]",4418,1471,1476,0.96,0.961,0.961,0.414,0.945,0.961,0.654,0.943,0.961,0.384,0.961
285,Logistic Regression (Ridge),random_sampling,False,100,True,"[0.8, 0.1, 0.1]",5891,735,739,0.955,0.959,0.959,0.397,0.942,0.959,0.653,0.941,0.959,0.373,0.959
286,Logistic Regression (Ridge),random_sampling,False,100,False,"[0.5, 0.25, 0.25]",3682,1840,1843,0.956,0.961,0.961,0.399,0.944,0.961,0.654,0.943,0.961,0.374,0.961
287,Logistic Regression (Ridge),random_sampling,False,100,False,"[0.6, 0.2, 0.2]",4418,1471,1476,0.959,0.961,0.961,0.414,0.945,0.961,0.654,0.943,0.961,0.384,0.961
288,Logistic Regression (Ridge),random_sampling,False,100,False,"[0.8, 0.1, 0.1]",5891,735,739,0.954,0.959,0.959,0.397,0.942,0.959,0.653,0.941,0.959,0.373,0.959
289,Logistic Regression (Ridge),random_sampling,False,300,True,"[0.5, 0.25, 0.25]",3682,1840,1843,0.969,0.96,0.96,0.385,0.943,0.96,0.587,0.938,0.96,0.366,0.96
290,Logistic Regression (Ridge),random_sampling,False,300,True,"[0.6, 0.2, 0.2]",4418,1471,1476,0.962,0.961,0.961,0.429,0.946,0.961,0.654,0.944,0.961,0.394,0.961
291,Logistic Regression (Ridge),random_sampling,False,300,True,"[0.8, 0.1, 0.1]",5891,735,739,0.967,0.961,0.961,0.427,0.944,0.961,0.654,0.942,0.961,0.392,0.961
292,Logistic Regression (Ridge),random_sampling,False,300,False,"[0.5, 0.25, 0.25]",3682,1840,1843,0.969,0.96,0.96,0.385,0.943,0.96,0.587,0.938,0.96,0.366,0.96
293,Logistic Regression (Ridge),random_sampling,False,300,False,"[0.6, 0.2, 0.2]",4418,1471,1476,0.96,0.961,0.961,0.415,0.945,0.961,0.654,0.944,0.961,0.384,0.961
294,Logistic Regression (Ridge),random_sampling,False,300,False,"[0.8, 0.1, 0.1]",5891,735,739,0.964,0.961,0.961,0.427,0.944,0.961,0.654,0.942,0.961,0.392,0.961
295,Logistic Regression (Ridge),random_sampling,False,600,True,"[0.5, 0.25, 0.25]",3682,1840,1843,0.965,0.961,0.961,0.414,0.945,0.961,0.892,0.957,0.961,0.383,0.961
296,Logistic Regression (Ridge),random_sampling,False,600,True,"[0.6, 0.2, 0.2]",4418,1471,1476,0.955,0.96,0.96,0.414,0.945,0.96,0.654,0.944,0.96,0.383,0.96
297,Logistic Regression (Ridge),random_sampling,False,600,True,"[0.8, 0.1, 0.1]",5891,735,739,0.968,0.958,0.958,0.363,0.939,0.958,0.653,0.94,0.958,0.353,0.958
298,Logistic Regression (Ridge),random_sampling,False,600,False,"[0.5, 0.25, 0.25]",3682,1840,1843,0.965,0.961,0.961,0.403,0.944,0.961,0.92,0.959,0.961,0.375,0.961
299,Logistic Regression (Ridge),random_sampling,False,600,False,"[0.6, 0.2, 0.2]",4418,1471,1476,0.957,0.96,0.96,0.414,0.945,0.96,0.654,0.944,0.96,0.383,0.96
300,Logistic Regression (Ridge),random_sampling,False,600,False,"[0.8, 0.1, 0.1]",5891,735,739,0.968,0.958,0.958,0.363,0.939,0.958,0.653,0.94,0.958,0.353,0.958
301,Logistic Regression (Ridge),active_learning,True,0,True,"[0.5, 0.25, 0.25]",207,102,108,0.647,0.537,0.537,0.534,0.534,0.537,0.568,0.568,0.537,0.537,0.537
302,Logistic Regression (Ridge),active_learning,True,0,True,"[0.6, 0.2, 0.2]",249,81,87,0.42,0.575,0.575,0.574,0.574,0.575,0.584,0.584,0.575,0.575,0.575
303,Logistic Regression (Ridge),active_learning,True,0,True,"[0.8, 0.1, 0.1]",333,39,45,0.597,0.622,0.622,0.617,0.617,0.622,0.637,0.637,0.622,0.622,0.622
304,Logistic Regression (Ridge),active_learning,True,0,False,"[0.5, 0.25, 0.25]",207,102,108,0.544,0.546,0.546,0.539,0.539,0.546,0.535,0.535,0.546,0.546,0.546
305,Logistic Regression (Ridge),active_learning,True,0,False,"[0.6, 0.2, 0.2]",249,81,87,0.48,0.54,0.54,0.517,0.517,0.54,0.511,0.511,0.54,0.54,0.54
306,Logistic Regression (Ridge),active_learning,True,0,False,"[0.8, 0.1, 0.1]",333,39,45,0.637,0.511,0.511,0.487,0.487,0.511,0.492,0.492,0.511,0.511,0.511
307,Logistic Regression (Ridge),active_learning,True,50,True,"[0.5, 0.25, 0.25]",207,102,108,0.542,0.565,0.565,0.563,0.563,0.565,0.58,0.58,0.565,0.565,0.565
308,Logistic Regression (Ridge),active_learning,True,50,True,"[0.6, 0.2, 0.2]",249,81,87,0.567,0.575,0.575,0.57,0.57,0.575,0.571,0.571,0.575,0.575,0.575
309,Logistic Regression (Ridge),active_learning,True,50,True,"[0.8, 0.1, 0.1]",333,39,45,0.613,0.6,0.6,0.599,0.599,0.6,0.61,0.61,0.6,0.6,0.6
310,Logistic Regression (Ridge),active_learning,True,50,False,"[0.5, 0.25, 0.25]",207,102,108,0.458,0.546,0.546,0.537,0.537,0.546,0.535,0.535,0.546,0.546,0.546
311,Logistic Regression (Ridge),active_learning,True,50,False,"[0.6, 0.2, 0.2]",249,81,87,0.5,0.575,0.575,0.563,0.563,0.575,0.561,0.561,0.575,0.575,0.575
312,Logistic Regression (Ridge),active_learning,True,50,False,"[0.8, 0.1, 0.1]",333,39,45,0.533,0.511,0.511,0.499,0.499,0.511,0.493,0.493,0.511,0.511,0.511
313,Logistic Regression (Ridge),active_learning,True,100,True,"[0.5, 0.25, 0.25]",207,102,108,0.495,0.593,0.593,0.59,0.59,0.593,0.608,0.608,0.593,0.593,0.593
314,Logistic Regression (Ridge),active_learning,True,100,True,"[0.6, 0.2, 0.2]",249,81,87,0.531,0.598,0.598,0.595,0.595,0.598,0.597,0.597,0.598,0.598,0.598
315,Logistic Regression (Ridge),active_learning,True,100,True,"[0.8, 0.1, 0.1]",333,39,45,0.613,0.6,0.6,0.599,0.599,0.6,0.61,0.61,0.6,0.6,0.6
316,Logistic Regression (Ridge),active_learning,True,100,False,"[0.5, 0.25, 0.25]",207,102,108,0.579,0.611,0.611,0.606,0.606,0.611,0.605,0.605,0.611,0.611,0.611
317,Logistic Regression (Ridge),active_learning,True,100,False,"[0.6, 0.2, 0.2]",249,81,87,0.44,0.563,0.563,0.554,0.554,0.563,0.56,0.56,0.563,0.563,0.563
318,Logistic Regression (Ridge),active_learning,True,100,False,"[0.8, 0.1, 0.1]",333,39,45,0.533,0.511,0.511,0.499,0.499,0.511,0.493,0.493,0.511,0.511,0.511
319,Logistic Regression (Ridge),active_learning,True,300,True,"[0.5, 0.25, 0.25]",207,102,108,0.564,0.62,0.62,0.618,0.618,0.62,0.626,0.626,0.62,0.62,0.62
320,Logistic Regression (Ridge),active_learning,True,300,True,"[0.6, 0.2, 0.2]",249,81,87,0.531,0.598,0.598,0.595,0.595,0.598,0.597,0.597,0.598,0.598,0.598
321,Logistic Regression (Ridge),active_learning,True,300,True,"[0.8, 0.1, 0.1]",333,39,45,0.613,0.6,0.6,0.599,0.599,0.6,0.61,0.61,0.6,0.6,0.6
322,Logistic Regression (Ridge),active_learning,True,300,False,"[0.5, 0.25, 0.25]",207,102,108,0.649,0.611,0.611,0.61,0.61,0.611,0.609,0.609,0.611,0.611,0.611
323,Logistic Regression (Ridge),active_learning,True,300,False,"[0.6, 0.2, 0.2]",249,81,87,0.44,0.563,0.563,0.554,0.554,0.563,0.56,0.56,0.563,0.563,0.563
324,Logistic Regression (Ridge),active_learning,True,300,False,"[0.8, 0.1, 0.1]",333,39,45,0.533,0.511,0.511,0.499,0.499,0.511,0.493,0.493,0.511,0.511,0.511
325,Logistic Regression (Ridge),active_learning,True,600,True,"[0.5, 0.25, 0.25]",207,102,108,0.564,0.62,0.62,0.618,0.618,0.62,0.626,0.626,0.62,0.62,0.62
326,Logistic Regression (Ridge),active_learning,True,600,True,"[0.6, 0.2, 0.2]",249,81,87,0.531,0.598,0.598,0.595,0.595,0.598,0.597,0.597,0.598,0.598,0.598
327,Logistic Regression (Ridge),active_learning,True,600,True,"[0.8, 0.1, 0.1]",333,39,45,0.613,0.6,0.6,0.599,0.599,0.6,0.61,0.61,0.6,0.6,0.6
328,Logistic Regression (Ridge),active_learning,True,600,False,"[0.5, 0.25, 0.25]",207,102,108,0.649,0.611,0.611,0.61,0.61,0.611,0.609,0.609,0.611,0.611,0.611
329,Logistic Regression (Ridge),active_learning,True,600,False,"[0.6, 0.2, 0.2]",249,81,87,0.44,0.563,0.563,0.554,0.554,0.563,0.56,0.56,0.563,0.563,0.563
330,Logistic Regression (Ridge),active_learning,True,600,False,"[0.8, 0.1, 0.1]",333,39,45,0.533,0.511,0.511,0.499,0.499,0.511,0.493,0.493,0.511,0.511,0.511
331,Logistic Regression (Ridge),active_learning,False,0,True,"[0.5, 0.25, 0.25]",3682,1840,1843,0.961,0.959,0.959,0.357,0.94,0.959,0.653,0.942,0.959,0.349,0.959
332,Logistic Regression (Ridge),active_learning,False,0,True,"[0.6, 0.2, 0.2]",4418,1471,1476,0.957,0.959,0.959,0.346,0.94,0.959,0.653,0.942,0.959,0.343,0.959
333,Logistic Regression (Ridge),active_learning,False,0,True,"[0.8, 0.1, 0.1]",5891,735,739,0.964,0.959,0.959,0.397,0.942,0.959,0.653,0.941,0.959,0.373,0.959
334,Logistic Regression (Ridge),active_learning,False,0,False,"[0.5, 0.25, 0.25]",3682,1840,1843,0.961,0.959,0.959,0.372,0.941,0.959,0.653,0.942,0.959,0.357,0.959
335,Logistic Regression (Ridge),active_learning,False,0,False,"[0.6, 0.2, 0.2]",4418,1471,1476,0.958,0.959,0.959,0.346,0.939,0.959,0.653,0.941,0.959,0.343,0.959
336,Logistic Regression (Ridge),active_learning,False,0,False,"[0.8, 0.1, 0.1]",5891,735,739,0.962,0.959,0.959,0.397,0.942,0.959,0.653,0.941,0.959,0.373,0.959
337,Logistic Regression (Ridge),active_learning,False,50,True,"[0.5, 0.25, 0.25]",3682,1840,1843,0.964,0.96,0.96,0.389,0.943,0.96,0.765,0.949,0.96,0.367,0.96
338,Logistic Regression (Ridge),active_learning,False,50,True,"[0.6, 0.2, 0.2]",4418,1471,1476,0.961,0.959,0.959,0.382,0.942,0.959,0.654,0.943,0.959,0.363,0.959
339,Logistic Regression (Ridge),active_learning,False,50,True,"[0.8, 0.1, 0.1]",5891,735,739,0.96,0.959,0.959,0.397,0.942,0.959,0.653,0.941,0.959,0.373,0.959
340,Logistic Regression (Ridge),active_learning,False,50,False,"[0.5, 0.25, 0.25]",3682,1840,1843,0.963,0.959,0.959,0.375,0.941,0.959,0.82,0.952,0.959,0.359,0.959
341,Logistic Regression (Ridge),active_learning,False,50,False,"[0.6, 0.2, 0.2]",4418,1471,1476,0.961,0.96,0.96,0.382,0.942,0.96,0.654,0.943,0.96,0.364,0.96
342,Logistic Regression (Ridge),active_learning,False,50,False,"[0.8, 0.1, 0.1]",5891,735,739,0.958,0.959,0.959,0.397,0.942,0.959,0.653,0.941,0.959,0.373,0.959
343,Logistic Regression (Ridge),active_learning,False,100,True,"[0.5, 0.25, 0.25]",3682,1840,1843,0.958,0.96,0.96,0.39,0.943,0.96,0.987,0.962,0.96,0.367,0.96
344,Logistic Regression (Ridge),active_learning,False,100,True,"[0.6, 0.2, 0.2]",4418,1471,1476,0.955,0.961,0.961,0.414,0.945,0.961,0.654,0.943,0.961,0.384,0.961
345,Logistic Regression (Ridge),active_learning,False,100,True,"[0.8, 0.1, 0.1]",5891,735,739,0.954,0.959,0.959,0.397,0.942,0.959,0.653,0.941,0.959,0.373,0.959
346,Logistic Regression (Ridge),active_learning,False,100,False,"[0.5, 0.25, 0.25]",3682,1840,1843,0.955,0.961,0.961,0.404,0.944,0.961,0.987,0.962,0.961,0.375,0.961
347,Logistic Regression (Ridge),active_learning,False,100,False,"[0.6, 0.2, 0.2]",4418,1471,1476,0.954,0.961,0.961,0.429,0.946,0.961,0.654,0.944,0.961,0.394,0.961
348,Logistic Regression (Ridge),active_learning,False,100,False,"[0.8, 0.1, 0.1]",5891,735,739,0.952,0.959,0.959,0.397,0.942,0.959,0.653,0.941,0.959,0.373,0.959
349,Logistic Regression (Ridge),active_learning,False,300,True,"[0.5, 0.25, 0.25]",3682,1840,1843,0.964,0.959,0.959,0.389,0.942,0.959,0.765,0.949,0.959,0.367,0.959
350,Logistic Regression (Ridge),active_learning,False,300,True,"[0.6, 0.2, 0.2]",4418,1471,1476,0.95,0.961,0.961,0.414,0.945,0.961,0.654,0.944,0.961,0.384,0.961
351,Logistic Regression (Ridge),active_learning,False,300,True,"[0.8, 0.1, 0.1]",5891,735,739,0.964,0.961,0.961,0.427,0.944,0.961,0.654,0.942,0.961,0.392,0.961
352,Logistic Regression (Ridge),active_learning,False,300,False,"[0.5, 0.25, 0.25]",3682,1840,1843,0.962,0.959,0.959,0.389,0.942,0.959,0.765,0.949,0.959,0.367,0.959
353,Logistic Regression (Ridge),active_learning,False,300,False,"[0.6, 0.2, 0.2]",4418,1471,1476,0.96,0.962,0.962,0.43,0.947,0.962,0.654,0.944,0.962,0.394,0.962
354,Logistic Regression (Ridge),active_learning,False,300,False,"[0.8, 0.1, 0.1]",5891,735,739,0.964,0.959,0.959,0.397,0.942,0.959,0.653,0.941,0.959,0.373,0.959
355,Logistic Regression (Ridge),active_learning,False,600,True,"[0.5, 0.25, 0.25]",3682,1840,1843,0.966,0.962,0.962,0.449,0.948,0.962,0.699,0.948,0.962,0.407,0.962
356,Logistic Regression (Ridge),active_learning,False,600,True,"[0.6, 0.2, 0.2]",4418,1471,1476,0.951,0.962,0.962,0.457,0.948,0.962,0.655,0.946,0.962,0.414,0.962
357,Logistic Regression (Ridge),active_learning,False,600,True,"[0.8, 0.1, 0.1]",5891,735,739,0.966,0.959,0.959,0.397,0.942,0.959,0.653,0.941,0.959,0.373,0.959
358,Logistic Regression (Ridge),active_learning,False,600,False,"[0.5, 0.25, 0.25]",3682,1840,1843,0.966,0.961,0.961,0.415,0.945,0.961,0.71,0.947,0.961,0.383,0.961
359,Logistic Regression (Ridge),active_learning,False,600,False,"[0.6, 0.2, 0.2]",4418,1471,1476,0.948,0.961,0.961,0.429,0.946,0.961,0.654,0.944,0.961,0.393,0.961
360,Logistic Regression (Ridge),active_learning,False,600,False,"[0.8, 0.1, 0.1]",5891,735,739,0.965,0.958,0.958,0.363,0.939,0.958,0.653,0.94,0.958,0.353,0.958
361,Logistic Regression (Lasso),random_sampling,True,0,True,"[0.5, 0.25, 0.25]",207,102,108,0.644,0.546,0.546,0.549,0.549,0.546,0.617,0.617,0.546,0.546,0.546
362,Logistic Regression (Lasso),random_sampling,True,0,True,"[0.6, 0.2, 0.2]",249,81,87,0.4,0.494,0.494,0.493,0.493,0.494,0.523,0.523,0.494,0.494,0.494
363,Logistic Regression (Lasso),random_sampling,True,0,True,"[0.8, 0.1, 0.1]",333,39,45,0.505,0.622,0.622,0.616,0.616,0.622,0.627,0.627,0.622,0.622,0.622
364,Logistic Regression (Lasso),random_sampling,True,0,False,"[0.5, 0.25, 0.25]",207,102,108,0.333,0.556,0.556,0.562,0.562,0.556,0.573,0.573,0.556,0.556,0.556
365,Logistic Regression (Lasso),random_sampling,True,0,False,"[0.6, 0.2, 0.2]",249,81,87,0.42,0.517,0.517,0.514,0.514,0.517,0.513,0.513,0.517,0.517,0.517
366,Logistic Regression (Lasso),random_sampling,True,0,False,"[0.8, 0.1, 0.1]",333,39,45,0.446,0.556,0.556,0.535,0.535,0.556,0.547,0.547,0.556,0.556,0.556
367,Logistic Regression (Lasso),random_sampling,True,50,True,"[0.5, 0.25, 0.25]",207,102,108,0.329,0.481,0.481,0.476,0.476,0.481,0.485,0.485,0.481,0.481,0.481
368,Logistic Regression (Lasso),random_sampling,True,50,True,"[0.6, 0.2, 0.2]",249,81,87,0.55,0.529,0.529,0.519,0.519,0.529,0.519,0.519,0.529,0.529,0.529
369,Logistic Regression (Lasso),random_sampling,True,50,True,"[0.8, 0.1, 0.1]",333,39,45,0.585,0.6,0.6,0.597,0.597,0.6,0.603,0.603,0.6,0.6,0.6
370,Logistic Regression (Lasso),random_sampling,True,50,False,"[0.5, 0.25, 0.25]",207,102,108,0.476,0.509,0.509,0.508,0.508,0.509,0.507,0.507,0.509,0.509,0.509
371,Logistic Regression (Lasso),random_sampling,True,50,False,"[0.6, 0.2, 0.2]",249,81,87,0.5,0.609,0.609,0.605,0.605,0.609,0.605,0.605,0.609,0.609,0.609
372,Logistic Regression (Lasso),random_sampling,True,50,False,"[0.8, 0.1, 0.1]",333,39,45,0.523,0.511,0.511,0.481,0.481,0.511,0.474,0.474,0.511,0.511,0.511
373,Logistic Regression (Lasso),random_sampling,True,100,True,"[0.5, 0.25, 0.25]",207,102,108,0.499,0.593,0.593,0.58,0.58,0.593,0.58,0.58,0.593,0.593,0.593
374,Logistic Regression (Lasso),random_sampling,True,100,True,"[0.6, 0.2, 0.2]",249,81,87,0.586,0.494,0.494,0.494,0.494,0.494,0.494,0.494,0.494,0.494,0.494
375,Logistic Regression (Lasso),random_sampling,True,100,True,"[0.8, 0.1, 0.1]",333,39,45,0.632,0.644,0.644,0.645,0.645,0.644,0.646,0.646,0.644,0.644,0.644
376,Logistic Regression (Lasso),random_sampling,True,100,False,"[0.5, 0.25, 0.25]",207,102,108,0.537,0.556,0.556,0.555,0.555,0.556,0.556,0.556,0.556,0.556,0.556
377,Logistic Regression (Lasso),random_sampling,True,100,False,"[0.6, 0.2, 0.2]",249,81,87,0.429,0.506,0.506,0.511,0.511,0.506,0.519,0.519,0.506,0.506,0.506
378,Logistic Regression (Lasso),random_sampling,True,100,False,"[0.8, 0.1, 0.1]",333,39,45,0.55,0.533,0.533,0.532,0.532,0.533,0.532,0.532,0.533,0.533,0.533
379,Logistic Regression (Lasso),random_sampling,True,300,True,"[0.5, 0.25, 0.25]",207,102,108,0.706,0.583,0.583,0.568,0.568,0.583,0.563,0.563,0.583,0.583,0.583
380,Logistic Regression (Lasso),random_sampling,True,300,True,"[0.6, 0.2, 0.2]",249,81,87,0.527,0.575,0.575,0.568,0.568,0.575,0.566,0.566,0.575,0.575,0.575
381,Logistic Regression (Lasso),random_sampling,True,300,True,"[0.8, 0.1, 0.1]",333,39,45,0.622,0.533,0.533,0.526,0.526,0.533,0.553,0.553,0.533,0.533,0.533
382,Logistic Regression (Lasso),random_sampling,True,300,False,"[0.5, 0.25, 0.25]",207,102,108,0.557,0.546,0.546,0.541,0.541,0.546,0.538,0.538,0.546,0.546,0.546
383,Logistic Regression (Lasso),random_sampling,True,300,False,"[0.6, 0.2, 0.2]",249,81,87,0.609,0.575,0.575,0.565,0.565,0.575,0.561,0.561,0.575,0.575,0.575
384,Logistic Regression (Lasso),random_sampling,True,300,False,"[0.8, 0.1, 0.1]",333,39,45,0.598,0.511,0.511,0.518,0.518,0.511,0.537,0.537,0.511,0.511,0.511
385,Logistic Regression (Lasso),random_sampling,True,600,True,"[0.5, 0.25, 0.25]",207,102,108,0.784,0.574,0.574,0.566,0.566,0.574,0.563,0.563,0.574,0.574,0.574
386,Logistic Regression (Lasso),random_sampling,True,600,True,"[0.6, 0.2, 0.2]",249,81,87,0.8,0.54,0.54,0.528,0.528,0.54,0.524,0.524,0.54,0.54,0.54
387,Logistic Regression (Lasso),random_sampling,True,600,True,"[0.8, 0.1, 0.1]",333,39,45,0.797,0.622,0.622,0.618,0.618,0.622,0.638,0.638,0.622,0.622,0.622
388,Logistic Regression (Lasso),random_sampling,True,600,False,"[0.5, 0.25, 0.25]",207,102,108,0.784,0.583,0.583,0.577,0.577,0.583,0.573,0.573,0.583,0.583,0.583
389,Logistic Regression (Lasso),random_sampling,True,600,False,"[0.6, 0.2, 0.2]",249,81,87,0.824,0.586,0.586,0.588,0.588,0.586,0.591,0.591,0.586,0.586,0.586
390,Logistic Regression (Lasso),random_sampling,True,600,False,"[0.8, 0.1, 0.1]",333,39,45,0.818,0.556,0.556,0.554,0.554,0.556,0.554,0.554,0.556,0.556,0.556
391,Logistic Regression (Lasso),random_sampling,False,0,True,"[0.5, 0.25, 0.25]",3682,1840,1843,0.959,0.96,0.96,0.395,0.944,0.96,0.529,0.936,0.96,0.374,0.96
392,Logistic Regression (Lasso),random_sampling,False,0,True,"[0.6, 0.2, 0.2]",4418,1471,1476,0.952,0.959,0.959,0.345,0.94,0.959,0.432,0.928,0.959,0.343,0.959
393,Logistic Regression (Lasso),random_sampling,False,0,True,"[0.8, 0.1, 0.1]",5891,735,739,0.963,0.957,0.957,0.361,0.938,0.957,0.486,0.928,0.957,0.352,0.957
394,Logistic Regression (Lasso),random_sampling,False,0,False,"[0.5, 0.25, 0.25]",3682,1840,1843,0.958,0.96,0.96,0.395,0.944,0.96,0.529,0.936,0.96,0.374,0.96
395,Logistic Regression (Lasso),random_sampling,False,0,False,"[0.6, 0.2, 0.2]",4418,1471,1476,0.955,0.959,0.959,0.346,0.94,0.959,0.487,0.931,0.959,0.343,0.959
396,Logistic Regression (Lasso),random_sampling,False,0,False,"[0.8, 0.1, 0.1]",5891,735,739,0.962,0.955,0.955,0.359,0.937,0.955,0.43,0.924,0.955,0.352,0.955
397,Logistic Regression (Lasso),random_sampling,False,50,True,"[0.5, 0.25, 0.25]",3682,1840,1843,0.963,0.958,0.958,0.368,0.941,0.958,0.463,0.931,0.958,0.357,0.958
398,Logistic Regression (Lasso),random_sampling,False,50,True,"[0.6, 0.2, 0.2]",4418,1471,1476,0.963,0.961,0.961,0.427,0.946,0.961,0.607,0.941,0.961,0.394,0.961
399,Logistic Regression (Lasso),random_sampling,False,50,True,"[0.8, 0.1, 0.1]",5891,735,739,0.961,0.957,0.957,0.361,0.938,0.957,0.486,0.928,0.957,0.352,0.957
400,Logistic Regression (Lasso),random_sampling,False,50,False,"[0.5, 0.25, 0.25]",3682,1840,1843,0.963,0.957,0.957,0.354,0.94,0.957,0.415,0.927,0.957,0.349,0.957
401,Logistic Regression (Lasso),random_sampling,False,50,False,"[0.6, 0.2, 0.2]",4418,1471,1476,0.961,0.961,0.961,0.412,0.945,0.961,0.598,0.94,0.961,0.384,0.961
402,Logistic Regression (Lasso),random_sampling,False,50,False,"[0.8, 0.1, 0.1]",5891,735,739,0.963,0.957,0.957,0.361,0.938,0.957,0.486,0.928,0.957,0.352,0.957
403,Logistic Regression (Lasso),random_sampling,False,100,True,"[0.5, 0.25, 0.25]",3682,1840,1843,0.956,0.958,0.958,0.386,0.942,0.958,0.63,0.94,0.958,0.366,0.958
404,Logistic Regression (Lasso),random_sampling,False,100,True,"[0.6, 0.2, 0.2]",4418,1471,1476,0.956,0.956,0.956,0.391,0.941,0.956,0.487,0.932,0.956,0.372,0.956
405,Logistic Regression (Lasso),random_sampling,False,100,True,"[0.8, 0.1, 0.1]",5891,735,739,0.949,0.957,0.957,0.361,0.938,0.957,0.486,0.928,0.957,0.352,0.957
406,Logistic Regression (Lasso),random_sampling,False,100,False,"[0.5, 0.25, 0.25]",3682,1840,1843,0.959,0.958,0.958,0.381,0.942,0.958,0.487,0.932,0.958,0.365,0.958
407,Logistic Regression (Lasso),random_sampling,False,100,False,"[0.6, 0.2, 0.2]",4418,1471,1476,0.957,0.956,0.956,0.391,0.941,0.956,0.487,0.932,0.956,0.372,0.956
408,Logistic Regression (Lasso),random_sampling,False,100,False,"[0.8, 0.1, 0.1]",5891,735,739,0.95,0.957,0.957,0.389,0.94,0.957,0.486,0.929,0.957,0.372,0.957
409,Logistic Regression (Lasso),random_sampling,False,300,True,"[0.5, 0.25, 0.25]",3682,1840,1843,0.967,0.959,0.959,0.386,0.943,0.959,0.598,0.939,0.959,0.367,0.959
410,Logistic Regression (Lasso),random_sampling,False,300,True,"[0.6, 0.2, 0.2]",4418,1471,1476,0.962,0.959,0.959,0.392,0.943,0.959,0.487,0.933,0.959,0.373,0.959
411,Logistic Regression (Lasso),random_sampling,False,300,True,"[0.8, 0.1, 0.1]",5891,735,739,0.969,0.957,0.957,0.361,0.938,0.957,0.486,0.928,0.957,0.352,0.957
412,Logistic Regression (Lasso),random_sampling,False,300,False,"[0.5, 0.25, 0.25]",3682,1840,1843,0.969,0.96,0.96,0.412,0.944,0.96,0.696,0.945,0.96,0.383,0.96
413,Logistic Regression (Lasso),random_sampling,False,300,False,"[0.6, 0.2, 0.2]",4418,1471,1476,0.956,0.959,0.959,0.392,0.943,0.959,0.487,0.933,0.959,0.373,0.959
414,Logistic Regression (Lasso),random_sampling,False,300,False,"[0.8, 0.1, 0.1]",5891,735,739,0.964,0.957,0.957,0.36,0.938,0.957,0.431,0.925,0.957,0.352,0.957
415,Logistic Regression (Lasso),random_sampling,False,600,True,"[0.5, 0.25, 0.25]",3682,1840,1843,0.962,0.957,0.957,0.376,0.942,0.957,0.423,0.929,0.957,0.365,0.957
416,Logistic Regression (Lasso),random_sampling,False,600,True,"[0.6, 0.2, 0.2]",4418,1471,1476,0.955,0.96,0.96,0.418,0.946,0.96,0.503,0.936,0.96,0.393,0.96
417,Logistic Regression (Lasso),random_sampling,False,600,True,"[0.8, 0.1, 0.1]",5891,735,739,0.969,0.959,0.959,0.426,0.944,0.959,0.654,0.942,0.959,0.392,0.959
418,Logistic Regression (Lasso),random_sampling,False,600,False,"[0.5, 0.25, 0.25]",3682,1840,1843,0.966,0.958,0.958,0.385,0.941,0.958,0.612,0.939,0.958,0.366,0.958
419,Logistic Regression (Lasso),random_sampling,False,600,False,"[0.6, 0.2, 0.2]",4418,1471,1476,0.953,0.959,0.959,0.418,0.945,0.959,0.503,0.935,0.959,0.393,0.959
420,Logistic Regression (Lasso),random_sampling,False,600,False,"[0.8, 0.1, 0.1]",5891,735,739,0.97,0.961,0.961,0.422,0.945,0.961,0.571,0.938,0.961,0.392,0.961
421,Logistic Regression (Lasso),active_learning,True,0,True,"[0.5, 0.25, 0.25]",207,102,108,0.644,0.546,0.546,0.549,0.549,0.546,0.617,0.617,0.546,0.546,0.546
422,Logistic Regression (Lasso),active_learning,True,0,True,"[0.6, 0.2, 0.2]",249,81,87,0.4,0.494,0.494,0.493,0.493,0.494,0.523,0.523,0.494,0.494,0.494
423,Logistic Regression (Lasso),active_learning,True,0,True,"[0.8, 0.1, 0.1]",333,39,45,0.505,0.622,0.622,0.616,0.616,0.622,0.627,0.627,0.622,0.622,0.622
424,Logistic Regression (Lasso),active_learning,True,0,False,"[0.5, 0.25, 0.25]",207,102,108,0.333,0.556,0.556,0.562,0.562,0.556,0.573,0.573,0.556,0.556,0.556
425,Logistic Regression (Lasso),active_learning,True,0,False,"[0.6, 0.2, 0.2]",249,81,87,0.42,0.517,0.517,0.514,0.514,0.517,0.513,0.513,0.517,0.517,0.517
426,Logistic Regression (Lasso),active_learning,True,0,False,"[0.8, 0.1, 0.1]",333,39,45,0.446,0.556,0.556,0.535,0.535,0.556,0.547,0.547,0.556,0.556,0.556
427,Logistic Regression (Lasso),active_learning,True,50,True,"[0.5, 0.25, 0.25]",207,102,108,0.349,0.472,0.472,0.471,0.471,0.472,0.474,0.474,0.472,0.472,0.472
428,Logistic Regression (Lasso),active_learning,True,50,True,"[0.6, 0.2, 0.2]",249,81,87,0.55,0.54,0.54,0.538,0.538,0.54,0.542,0.542,0.54,0.54,0.54
429,Logistic Regression (Lasso),active_learning,True,50,True,"[0.8, 0.1, 0.1]",333,39,45,0.56,0.6,0.6,0.599,0.599,0.6,0.61,0.61,0.6,0.6,0.6
430,Logistic Regression (Lasso),active_learning,True,50,False,"[0.5, 0.25, 0.25]",207,102,108,0.387,0.556,0.556,0.558,0.558,0.556,0.56,0.56,0.556,0.556,0.556
431,Logistic Regression (Lasso),active_learning,True,50,False,"[0.6, 0.2, 0.2]",249,81,87,0.5,0.54,0.54,0.536,0.536,0.54,0.532,0.532,0.54,0.54,0.54
432,Logistic Regression (Lasso),active_learning,True,50,False,"[0.8, 0.1, 0.1]",333,39,45,0.4,0.6,0.6,0.594,0.594,0.6,0.593,0.593,0.6,0.6,0.6
433,Logistic Regression (Lasso),active_learning,True,100,True,"[0.5, 0.25, 0.25]",207,102,108,0.579,0.593,0.593,0.584,0.584,0.593,0.584,0.584,0.593,0.593,0.593
434,Logistic Regression (Lasso),active_learning,True,100,True,"[0.6, 0.2, 0.2]",249,81,87,0.529,0.506,0.506,0.493,0.493,0.506,0.492,0.492,0.506,0.506,0.506
435,Logistic Regression (Lasso),active_learning,True,100,True,"[0.8, 0.1, 0.1]",333,39,45,0.56,0.6,0.6,0.599,0.599,0.6,0.61,0.61,0.6,0.6,0.6
436,Logistic Regression (Lasso),active_learning,True,100,False,"[0.5, 0.25, 0.25]",207,102,108,0.501,0.556,0.556,0.558,0.558,0.556,0.56,0.56,0.556,0.556,0.556
437,Logistic Regression (Lasso),active_learning,True,100,False,"[0.6, 0.2, 0.2]",249,81,87,0.502,0.563,0.563,0.563,0.563,0.563,0.563,0.563,0.563,0.563,0.563
438,Logistic Regression (Lasso),active_learning,True,100,False,"[0.8, 0.1, 0.1]",333,39,45,0.4,0.6,0.6,0.594,0.594,0.6,0.593,0.593,0.6,0.6,0.6
439,Logistic Regression (Lasso),active_learning,True,300,True,"[0.5, 0.25, 0.25]",207,102,108,0.565,0.583,0.583,0.577,0.577,0.583,0.576,0.576,0.583,0.583,0.583
440,Logistic Regression (Lasso),active_learning,True,300,True,"[0.6, 0.2, 0.2]",249,81,87,0.529,0.506,0.506,0.493,0.493,0.506,0.492,0.492,0.506,0.506,0.506
441,Logistic Regression (Lasso),active_learning,True,300,True,"[0.8, 0.1, 0.1]",333,39,45,0.56,0.6,0.6,0.599,0.599,0.6,0.61,0.61,0.6,0.6,0.6
442,Logistic Regression (Lasso),active_learning,True,300,False,"[0.5, 0.25, 0.25]",207,102,108,0.563,0.537,0.537,0.536,0.536,0.537,0.536,0.536,0.537,0.537,0.537
443,Logistic Regression (Lasso),active_learning,True,300,False,"[0.6, 0.2, 0.2]",249,81,87,0.502,0.563,0.563,0.563,0.563,0.563,0.563,0.563,0.563,0.563,0.563
444,Logistic Regression (Lasso),active_learning,True,300,False,"[0.8, 0.1, 0.1]",333,39,45,0.4,0.6,0.6,0.594,0.594,0.6,0.593,0.593,0.6,0.6,0.6
445,Logistic Regression (Lasso),active_learning,True,600,True,"[0.5, 0.25, 0.25]",207,102,108,0.565,0.583,0.583,0.577,0.577,0.583,0.576,0.576,0.583,0.583,0.583
446,Logistic Regression (Lasso),active_learning,True,600,True,"[0.6, 0.2, 0.2]",249,81,87,0.529,0.506,0.506,0.493,0.493,0.506,0.492,0.492,0.506,0.506,0.506
447,Logistic Regression (Lasso),active_learning,True,600,True,"[0.8, 0.1, 0.1]",333,39,45,0.56,0.6,0.6,0.599,0.599,0.6,0.61,0.61,0.6,0.6,0.6
448,Logistic Regression (Lasso),active_learning,True,600,False,"[0.5, 0.25, 0.25]",207,102,108,0.563,0.537,0.537,0.536,0.536,0.537,0.536,0.536,0.537,0.537,0.537
449,Logistic Regression (Lasso),active_learning,True,600,False,"[0.6, 0.2, 0.2]",249,81,87,0.502,0.563,0.563,0.563,0.563,0.563,0.563,0.563,0.563,0.563,0.563
450,Logistic Regression (Lasso),active_learning,True,600,False,"[0.8, 0.1, 0.1]",333,39,45,0.4,0.6,0.6,0.594,0.594,0.6,0.593,0.593,0.6,0.6,0.6
451,Logistic Regression (Lasso),active_learning,False,0,True,"[0.5, 0.25, 0.25]",3682,1840,1843,0.959,0.96,0.96,0.395,0.944,0.96,0.529,0.936,0.96,0.374,0.96
452,Logistic Regression (Lasso),active_learning,False,0,True,"[0.6, 0.2, 0.2]",4418,1471,1476,0.952,0.959,0.959,0.345,0.94,0.959,0.432,0.928,0.959,0.343,0.959
453,Logistic Regression (Lasso),active_learning,False,0,True,"[0.8, 0.1, 0.1]",5891,735,739,0.963,0.957,0.957,0.361,0.938,0.957,0.486,0.928,0.957,0.352,0.957
454,Logistic Regression (Lasso),active_learning,False,0,False,"[0.5, 0.25, 0.25]",3682,1840,1843,0.958,0.96,0.96,0.395,0.944,0.96,0.529,0.936,0.96,0.374,0.96
455,Logistic Regression (Lasso),active_learning,False,0,False,"[0.6, 0.2, 0.2]",4418,1471,1476,0.955,0.959,0.959,0.346,0.94,0.959,0.487,0.931,0.959,0.343,0.959
456,Logistic Regression (Lasso),active_learning,False,0,False,"[0.8, 0.1, 0.1]",5891,735,739,0.962,0.955,0.955,0.359,0.937,0.955,0.43,0.924,0.955,0.352,0.955
457,Logistic Regression (Lasso),active_learning,False,50,True,"[0.5, 0.25, 0.25]",3682,1840,1843,0.957,0.958,0.958,0.397,0.943,0.958,0.543,0.937,0.958,0.374,0.958
458,Logistic Regression (Lasso),active_learning,False,50,True,"[0.6, 0.2, 0.2]",4418,1471,1476,0.962,0.961,0.961,0.433,0.947,0.961,0.534,0.938,0.961,0.404,0.961
459,Logistic Regression (Lasso),active_learning,False,50,True,"[0.8, 0.1, 0.1]",5891,735,739,0.96,0.957,0.957,0.36,0.938,0.957,0.431,0.925,0.957,0.352,0.957
460,Logistic Regression (Lasso),active_learning,False,50,False,"[0.5, 0.25, 0.25]",3682,1840,1843,0.959,0.958,0.958,0.384,0.942,0.958,0.529,0.935,0.958,0.366,0.958
461,Logistic Regression (Lasso),active_learning,False,50,False,"[0.6, 0.2, 0.2]",4418,1471,1476,0.96,0.961,0.961,0.412,0.945,0.961,0.598,0.94,0.961,0.384,0.961
462,Logistic Regression (Lasso),active_learning,False,50,False,"[0.8, 0.1, 0.1]",5891,735,739,0.96,0.957,0.957,0.36,0.938,0.957,0.431,0.925,0.957,0.352,0.957
463,Logistic Regression (Lasso),active_learning,False,100,True,"[0.5, 0.25, 0.25]",3682,1840,1843,0.954,0.959,0.959,0.37,0.942,0.959,0.52,0.934,0.959,0.358,0.959
464,Logistic Regression (Lasso),active_learning,False,100,True,"[0.6, 0.2, 0.2]",4418,1471,1476,0.949,0.959,0.959,0.404,0.944,0.959,0.487,0.933,0.959,0.383,0.959
465,Logistic Regression (Lasso),active_learning,False,100,True,"[0.8, 0.1, 0.1]",5891,735,739,0.95,0.958,0.958,0.393,0.941,0.958,0.542,0.933,0.958,0.372,0.958
466,Logistic Regression (Lasso),active_learning,False,100,False,"[0.5, 0.25, 0.25]",3682,1840,1843,0.956,0.96,0.96,0.402,0.944,0.96,0.698,0.946,0.96,0.375,0.96
467,Logistic Regression (Lasso),active_learning,False,100,False,"[0.6, 0.2, 0.2]",4418,1471,1476,0.951,0.961,0.961,0.43,0.946,0.961,0.696,0.947,0.961,0.395,0.961
468,Logistic Regression (Lasso),active_learning,False,100,False,"[0.8, 0.1, 0.1]",5891,735,739,0.947,0.957,0.957,0.389,0.94,0.957,0.486,0.929,0.957,0.372,0.957
469,Logistic Regression (Lasso),active_learning,False,300,True,"[0.5, 0.25, 0.25]",3682,1840,1843,0.952,0.959,0.959,0.387,0.942,0.959,0.604,0.939,0.959,0.366,0.959
470,Logistic Regression (Lasso),active_learning,False,300,True,"[0.6, 0.2, 0.2]",4418,1471,1476,0.956,0.961,0.961,0.429,0.946,0.961,0.641,0.944,0.961,0.395,0.961
471,Logistic Regression (Lasso),active_learning,False,300,True,"[0.8, 0.1, 0.1]",5891,735,739,0.967,0.958,0.958,0.393,0.941,0.958,0.542,0.933,0.958,0.372,0.958
472,Logistic Regression (Lasso),active_learning,False,300,False,"[0.5, 0.25, 0.25]",3682,1840,1843,0.955,0.961,0.961,0.423,0.946,0.961,0.688,0.946,0.961,0.391,0.961
473,Logistic Regression (Lasso),active_learning,False,300,False,"[0.6, 0.2, 0.2]",4418,1471,1476,0.947,0.959,0.959,0.415,0.944,0.959,0.626,0.942,0.959,0.385,0.959
474,Logistic Regression (Lasso),active_learning,False,300,False,"[0.8, 0.1, 0.1]",5891,735,739,0.964,0.958,0.958,0.393,0.941,0.958,0.542,0.933,0.958,0.372,0.958
475,Logistic Regression (Lasso),active_learning,False,600,True,"[0.5, 0.25, 0.25]",3682,1840,1843,0.962,0.959,0.959,0.404,0.944,0.959,0.503,0.935,0.959,0.381,0.959
476,Logistic Regression (Lasso),active_learning,False,600,True,"[0.6, 0.2, 0.2]",4418,1471,1476,0.95,0.96,0.96,0.427,0.946,0.96,0.59,0.941,0.96,0.395,0.96
477,Logistic Regression (Lasso),active_learning,False,600,True,"[0.8, 0.1, 0.1]",5891,735,739,0.968,0.959,0.959,0.422,0.943,0.959,0.57,0.936,0.959,0.392,0.959
478,Logistic Regression (Lasso),active_learning,False,600,False,"[0.5, 0.25, 0.25]",3682,1840,1843,0.96,0.958,0.958,0.408,0.944,0.958,0.554,0.938,0.958,0.382,0.958
479,Logistic Regression (Lasso),active_learning,False,600,False,"[0.6, 0.2, 0.2]",4418,1471,1476,0.947,0.96,0.96,0.406,0.945,0.96,0.506,0.935,0.96,0.383,0.96
480,Logistic Regression (Lasso),active_learning,False,600,False,"[0.8, 0.1, 0.1]",5891,735,739,0.967,0.961,0.961,0.427,0.944,0.961,0.654,0.942,0.961,0.392,0.961
